ISO-10303-21;
HEADER;
FILE_DESCRIPTION(('FreeCAD Model'),'2;1');
FILE_NAME('Open CASCADE Shape Model','2026-09-22T19:21:29',(''),(''),
  'Open CASCADE STEP processor 7.8','FreeCAD','Unknown');
FILE_SCHEMA(('AUTOMOTIVE_DESIGN { 1 0 10303 214 1 1 1 1 }'));
ENDSEC;
DATA;
#1 = APPLICATION_PROTOCOL_DEFINITION('international standard',
  'automotive_design',2000,#2);
#2 = APPLICATION_CONTEXT(
  'core data for automotive mechanical design processes');
#3 = SHAPE_DEFINITION_REPRESENTATION(#4,#10);
#4 = PRODUCT_DEFINITION_SHAPE('','',#5);
#5 = PRODUCT_DEFINITION('design','',#6,#9);
#6 = PRODUCT_DEFINITION_FORMATION('','',#7);
#7 = PRODUCT('Bottom Body','Bottom Body','',(#8));
#8 = PRODUCT_CONTEXT('',#2,'mechanical');
#9 = PRODUCT_DEFINITION_CONTEXT('part definition',#2,'design');
#10 = ADVANCED_BREP_SHAPE_REPRESENTATION('',(#11,#15),#3717);
#11 = AXIS2_PLACEMENT_3D('',#12,#13,#14);
#12 = CARTESIAN_POINT('',(0.,0.,0.));
#13 = DIRECTION('',(0.,0.,1.));
#14 = DIRECTION('',(1.,0.,-0.));
#15 = MANIFOLD_SOLID_BREP('',#16);
#16 = CLOSED_SHELL('',(#17,#107,#138,#163,#188,#212,#318,#342,#367,#391,
    #422,#462,#478,#857,#882,#940,#1063,#1088,#1105,#1162,#1180,#1192,
    #1209,#1242,#1267,#1292,#1309,#1342,#1367,#1392,#1409,#1426,#1443,
    #1460,#1477,#1539,#1564,#1653,#1677,#1738,#1771,#1838,#1856,#1881,
    #1914,#1981,#1997,#2022,#2039,#2072,#2098,#2161,#2187,#2212,#2229,
    #2246,#2263,#2280,#2292,#2323,#2354,#2378,#2402,#2426,#2450,#2467,
    #2498,#2563,#2620,#2637,#2709,#2733,#2757,#2807,#2819,#2831,#2851,
    #2897,#2956,#2972,#3025,#3042,#3059,#3076,#3093,#3105,#3122,#3140,
    #3157,#3174,#3191,#3203,#3228,#3246,#3271,#3289,#3306,#3323,#3348,
    #3381,#3406,#3430,#3461,#3478,#3490,#3502,#3514,#3539,#3572,#3597,
    #3621,#3652,#3669,#3681,#3693,#3705));
#17 = ADVANCED_FACE('',(#18),#102,.T.);
#18 = FACE_BOUND('',#19,.T.);
#19 = EDGE_LOOP('',(#20,#30,#39,#47,#55,#63,#71,#79,#87,#95));
#20 = ORIENTED_EDGE('',*,*,#21,.T.);
#21 = EDGE_CURVE('',#22,#24,#26,.T.);
#22 = VERTEX_POINT('',#23);
#23 = CARTESIAN_POINT('',(-10.6,10.,10.));
#24 = VERTEX_POINT('',#25);
#25 = CARTESIAN_POINT('',(-10.5,10.,10.));
#26 = LINE('',#27,#28);
#27 = CARTESIAN_POINT('',(-11.4,10.,10.));
#28 = VECTOR('',#29,1.);
#29 = DIRECTION('',(1.,0.,0.));
#30 = ORIENTED_EDGE('',*,*,#31,.T.);
#31 = EDGE_CURVE('',#24,#32,#34,.T.);
#32 = VERTEX_POINT('',#33);
#33 = CARTESIAN_POINT('',(-9.5,10.,9.));
#34 = CIRCLE('',#35,1.);
#35 = AXIS2_PLACEMENT_3D('',#36,#37,#38);
#36 = CARTESIAN_POINT('',(-10.5,10.,9.));
#37 = DIRECTION('',(0.,1.,0.));
#38 = DIRECTION('',(0.,0.,-1.));
#39 = ORIENTED_EDGE('',*,*,#40,.T.);
#40 = EDGE_CURVE('',#32,#41,#43,.T.);
#41 = VERTEX_POINT('',#42);
#42 = CARTESIAN_POINT('',(-9.5,10.,5.));
#43 = LINE('',#44,#45);
#44 = CARTESIAN_POINT('',(-9.5,10.,7.));
#45 = VECTOR('',#46,1.);
#46 = DIRECTION('',(0.,0.,-1.));
#47 = ORIENTED_EDGE('',*,*,#48,.T.);
#48 = EDGE_CURVE('',#41,#49,#51,.T.);
#49 = VERTEX_POINT('',#50);
#50 = CARTESIAN_POINT('',(-14.5,10.,5.));
#51 = LINE('',#52,#53);
#52 = CARTESIAN_POINT('',(-12.,10.,5.));
#53 = VECTOR('',#54,1.);
#54 = DIRECTION('',(-1.,0.,0.));
#55 = ORIENTED_EDGE('',*,*,#56,.F.);
#56 = EDGE_CURVE('',#57,#49,#59,.T.);
#57 = VERTEX_POINT('',#58);
#58 = CARTESIAN_POINT('',(-14.5,10.,7.));
#59 = LINE('',#60,#61);
#60 = CARTESIAN_POINT('',(-14.5,10.,7.));
#61 = VECTOR('',#62,1.);
#62 = DIRECTION('',(0.,0.,-1.));
#63 = ORIENTED_EDGE('',*,*,#64,.F.);
#64 = EDGE_CURVE('',#65,#57,#67,.T.);
#65 = VERTEX_POINT('',#66);
#66 = CARTESIAN_POINT('',(-11.,10.,7.));
#67 = LINE('',#68,#69);
#68 = CARTESIAN_POINT('',(-12.,10.,7.));
#69 = VECTOR('',#70,1.);
#70 = DIRECTION('',(-1.,0.,0.));
#71 = ORIENTED_EDGE('',*,*,#72,.F.);
#72 = EDGE_CURVE('',#73,#65,#75,.T.);
#73 = VERTEX_POINT('',#74);
#74 = CARTESIAN_POINT('',(-11.,10.,9.));
#75 = LINE('',#76,#77);
#76 = CARTESIAN_POINT('',(-11.,10.,9.));
#77 = VECTOR('',#78,1.);
#78 = DIRECTION('',(0.,0.,-1.));
#79 = ORIENTED_EDGE('',*,*,#80,.F.);
#80 = EDGE_CURVE('',#81,#73,#83,.T.);
#81 = VERTEX_POINT('',#82);
#82 = CARTESIAN_POINT('',(-11.4,10.,9.));
#83 = LINE('',#84,#85);
#84 = CARTESIAN_POINT('',(-11.4,10.,9.));
#85 = VECTOR('',#86,1.);
#86 = DIRECTION('',(1.,0.,0.));
#87 = ORIENTED_EDGE('',*,*,#88,.T.);
#88 = EDGE_CURVE('',#81,#89,#91,.T.);
#89 = VERTEX_POINT('',#90);
#90 = CARTESIAN_POINT('',(-11.4,10.,9.2));
#91 = LINE('',#92,#93);
#92 = CARTESIAN_POINT('',(-11.4,10.,9.));
#93 = VECTOR('',#94,1.);
#94 = DIRECTION('',(0.,0.,1.));
#95 = ORIENTED_EDGE('',*,*,#96,.F.);
#96 = EDGE_CURVE('',#22,#89,#97,.T.);
#97 = CIRCLE('',#98,0.8);
#98 = AXIS2_PLACEMENT_3D('',#99,#100,#101);
#99 = CARTESIAN_POINT('',(-10.6,10.,9.2));
#100 = DIRECTION('',(0.,-1.,0.));
#101 = DIRECTION('',(0.,0.,1.));
#102 = PLANE('',#103);
#103 = AXIS2_PLACEMENT_3D('',#104,#105,#106);
#104 = CARTESIAN_POINT('',(-11.48365384615,10.,7.072115384615));
#105 = DIRECTION('',(0.,1.,0.));
#106 = DIRECTION('',(0.,0.,1.));
#107 = ADVANCED_FACE('',(#108),#133,.T.);
#108 = FACE_BOUND('',#109,.F.);
#109 = EDGE_LOOP('',(#110,#111,#119,#127));
#110 = ORIENTED_EDGE('',*,*,#21,.T.);
#111 = ORIENTED_EDGE('',*,*,#112,.T.);
#112 = EDGE_CURVE('',#24,#113,#115,.T.);
#113 = VERTEX_POINT('',#114);
#114 = CARTESIAN_POINT('',(-10.5,5.,10.));
#115 = LINE('',#116,#117);
#116 = CARTESIAN_POINT('',(-10.5,10.,10.));
#117 = VECTOR('',#118,1.);
#118 = DIRECTION('',(-0.,-1.,-0.));
#119 = ORIENTED_EDGE('',*,*,#120,.T.);
#120 = EDGE_CURVE('',#113,#121,#123,.T.);
#121 = VERTEX_POINT('',#122);
#122 = CARTESIAN_POINT('',(-10.6,5.,10.));
#123 = LINE('',#124,#125);
#124 = CARTESIAN_POINT('',(-9.5,5.,10.));
#125 = VECTOR('',#126,1.);
#126 = DIRECTION('',(-1.,-0.,-0.));
#127 = ORIENTED_EDGE('',*,*,#128,.T.);
#128 = EDGE_CURVE('',#121,#22,#129,.T.);
#129 = LINE('',#130,#131);
#130 = CARTESIAN_POINT('',(-10.6,5.,10.));
#131 = VECTOR('',#132,1.);
#132 = DIRECTION('',(0.,1.,0.));
#133 = PLANE('',#134);
#134 = AXIS2_PLACEMENT_3D('',#135,#136,#137);
#135 = CARTESIAN_POINT('',(-31.53012205049,10.217716636812,10.));
#136 = DIRECTION('',(0.,0.,1.));
#137 = DIRECTION('',(-1.,0.,0.));
#138 = ADVANCED_FACE('',(#139),#158,.T.);
#139 = FACE_BOUND('',#140,.F.);
#140 = EDGE_LOOP('',(#141,#150,#156,#157));
#141 = ORIENTED_EDGE('',*,*,#142,.T.);
#142 = EDGE_CURVE('',#121,#143,#145,.T.);
#143 = VERTEX_POINT('',#144);
#144 = CARTESIAN_POINT('',(-11.4,5.,9.2));
#145 = CIRCLE('',#146,0.8);
#146 = AXIS2_PLACEMENT_3D('',#147,#148,#149);
#147 = CARTESIAN_POINT('',(-10.6,5.,9.2));
#148 = DIRECTION('',(0.,-1.,0.));
#149 = DIRECTION('',(0.,0.,1.));
#150 = ORIENTED_EDGE('',*,*,#151,.T.);
#151 = EDGE_CURVE('',#143,#89,#152,.T.);
#152 = LINE('',#153,#154);
#153 = CARTESIAN_POINT('',(-11.4,5.,9.2));
#154 = VECTOR('',#155,1.);
#155 = DIRECTION('',(0.,1.,0.));
#156 = ORIENTED_EDGE('',*,*,#96,.F.);
#157 = ORIENTED_EDGE('',*,*,#128,.F.);
#158 = CYLINDRICAL_SURFACE('',#159,0.8);
#159 = AXIS2_PLACEMENT_3D('',#160,#161,#162);
#160 = CARTESIAN_POINT('',(-10.6,5.,9.2));
#161 = DIRECTION('',(0.,1.,0.));
#162 = DIRECTION('',(0.,-0.,1.));
#163 = ADVANCED_FACE('',(#164),#183,.T.);
#164 = FACE_BOUND('',#165,.F.);
#165 = EDGE_LOOP('',(#166,#167,#175,#182));
#166 = ORIENTED_EDGE('',*,*,#31,.T.);
#167 = ORIENTED_EDGE('',*,*,#168,.T.);
#168 = EDGE_CURVE('',#32,#169,#171,.T.);
#169 = VERTEX_POINT('',#170);
#170 = CARTESIAN_POINT('',(-9.5,5.,9.));
#171 = LINE('',#172,#173);
#172 = CARTESIAN_POINT('',(-9.5,10.,9.));
#173 = VECTOR('',#174,1.);
#174 = DIRECTION('',(-0.,-1.,-0.));
#175 = ORIENTED_EDGE('',*,*,#176,.F.);
#176 = EDGE_CURVE('',#113,#169,#177,.T.);
#177 = CIRCLE('',#178,1.);
#178 = AXIS2_PLACEMENT_3D('',#179,#180,#181);
#179 = CARTESIAN_POINT('',(-10.5,5.,9.));
#180 = DIRECTION('',(0.,1.,0.));
#181 = DIRECTION('',(0.,0.,-1.));
#182 = ORIENTED_EDGE('',*,*,#112,.F.);
#183 = CYLINDRICAL_SURFACE('',#184,1.);
#184 = AXIS2_PLACEMENT_3D('',#185,#186,#187);
#185 = CARTESIAN_POINT('',(-10.5,10.,9.));
#186 = DIRECTION('',(-0.,-1.,-0.));
#187 = DIRECTION('',(0.,0.,1.));
#188 = ADVANCED_FACE('',(#189),#207,.F.);
#189 = FACE_BOUND('',#190,.T.);
#190 = EDGE_LOOP('',(#191,#199,#200,#201));
#191 = ORIENTED_EDGE('',*,*,#192,.T.);
#192 = EDGE_CURVE('',#193,#143,#195,.T.);
#193 = VERTEX_POINT('',#194);
#194 = CARTESIAN_POINT('',(-11.4,5.,9.));
#195 = LINE('',#196,#197);
#196 = CARTESIAN_POINT('',(-11.4,5.,9.));
#197 = VECTOR('',#198,1.);
#198 = DIRECTION('',(0.,0.,1.));
#199 = ORIENTED_EDGE('',*,*,#151,.T.);
#200 = ORIENTED_EDGE('',*,*,#88,.F.);
#201 = ORIENTED_EDGE('',*,*,#202,.F.);
#202 = EDGE_CURVE('',#193,#81,#203,.T.);
#203 = LINE('',#204,#205);
#204 = CARTESIAN_POINT('',(-11.4,5.,9.));
#205 = VECTOR('',#206,1.);
#206 = DIRECTION('',(0.,1.,0.));
#207 = PLANE('',#208);
#208 = AXIS2_PLACEMENT_3D('',#209,#210,#211);
#209 = CARTESIAN_POINT('',(-11.4,5.,9.));
#210 = DIRECTION('',(1.,0.,0.));
#211 = DIRECTION('',(0.,-1.,0.));
#212 = ADVANCED_FACE('',(#213),#313,.T.);
#213 = FACE_BOUND('',#214,.T.);
#214 = EDGE_LOOP('',(#215,#216,#217,#225,#233,#241,#249,#257,#266,#274,
    #282,#290,#298,#306));
#215 = ORIENTED_EDGE('',*,*,#40,.F.);
#216 = ORIENTED_EDGE('',*,*,#168,.T.);
#217 = ORIENTED_EDGE('',*,*,#218,.F.);
#218 = EDGE_CURVE('',#219,#169,#221,.T.);
#219 = VERTEX_POINT('',#220);
#220 = CARTESIAN_POINT('',(-9.5,5.,7.));
#221 = LINE('',#222,#223);
#222 = CARTESIAN_POINT('',(-9.5,5.,9.));
#223 = VECTOR('',#224,1.);
#224 = DIRECTION('',(0.,0.,1.));
#225 = ORIENTED_EDGE('',*,*,#226,.T.);
#226 = EDGE_CURVE('',#219,#227,#229,.T.);
#227 = VERTEX_POINT('',#228);
#228 = CARTESIAN_POINT('',(-9.5,-5.,7.));
#229 = LINE('',#230,#231);
#230 = CARTESIAN_POINT('',(-9.5,3.47E-15,7.));
#231 = VECTOR('',#232,1.);
#232 = DIRECTION('',(-3.5E-16,-1.,0.));
#233 = ORIENTED_EDGE('',*,*,#234,.F.);
#234 = EDGE_CURVE('',#235,#227,#237,.T.);
#235 = VERTEX_POINT('',#236);
#236 = CARTESIAN_POINT('',(-9.5,-5.,9.));
#237 = LINE('',#238,#239);
#238 = CARTESIAN_POINT('',(-9.5,-5.,9.));
#239 = VECTOR('',#240,1.);
#240 = DIRECTION('',(0.,0.,-1.));
#241 = ORIENTED_EDGE('',*,*,#242,.F.);
#242 = EDGE_CURVE('',#243,#235,#245,.T.);
#243 = VERTEX_POINT('',#244);
#244 = CARTESIAN_POINT('',(-9.5,-10.,9.));
#245 = LINE('',#246,#247);
#246 = CARTESIAN_POINT('',(-9.5,-10.,9.));
#247 = VECTOR('',#248,1.);
#248 = DIRECTION('',(0.,1.,0.));
#249 = ORIENTED_EDGE('',*,*,#250,.F.);
#250 = EDGE_CURVE('',#251,#243,#253,.T.);
#251 = VERTEX_POINT('',#252);
#252 = CARTESIAN_POINT('',(-9.5,-10.,5.));
#253 = LINE('',#254,#255);
#254 = CARTESIAN_POINT('',(-9.5,-10.,9.));
#255 = VECTOR('',#256,1.);
#256 = DIRECTION('',(0.,0.,1.));
#257 = ORIENTED_EDGE('',*,*,#258,.T.);
#258 = EDGE_CURVE('',#251,#259,#261,.T.);
#259 = VERTEX_POINT('',#260);
#260 = CARTESIAN_POINT('',(-9.5,-12.,3.));
#261 = CIRCLE('',#262,2.);
#262 = AXIS2_PLACEMENT_3D('',#263,#264,#265);
#263 = CARTESIAN_POINT('',(-9.5,-12.,5.));
#264 = DIRECTION('',(-1.,3.5E-16,0.));
#265 = DIRECTION('',(-3.5E-16,-1.,0.));
#266 = ORIENTED_EDGE('',*,*,#267,.T.);
#267 = EDGE_CURVE('',#259,#268,#270,.T.);
#268 = VERTEX_POINT('',#269);
#269 = CARTESIAN_POINT('',(-9.5,-12.5,3.));
#270 = LINE('',#271,#272);
#271 = CARTESIAN_POINT('',(-9.5,3.47E-15,3.));
#272 = VECTOR('',#273,1.);
#273 = DIRECTION('',(-3.5E-16,-1.,0.));
#274 = ORIENTED_EDGE('',*,*,#275,.F.);
#275 = EDGE_CURVE('',#276,#268,#278,.T.);
#276 = VERTEX_POINT('',#277);
#277 = CARTESIAN_POINT('',(-9.5,-12.5,0.));
#278 = LINE('',#279,#280);
#279 = CARTESIAN_POINT('',(-9.5,-12.5,-22.));
#280 = VECTOR('',#281,1.);
#281 = DIRECTION('',(0.,0.,1.));
#282 = ORIENTED_EDGE('',*,*,#283,.F.);
#283 = EDGE_CURVE('',#284,#276,#286,.T.);
#284 = VERTEX_POINT('',#285);
#285 = CARTESIAN_POINT('',(-9.5,12.5,0.));
#286 = LINE('',#287,#288);
#287 = CARTESIAN_POINT('',(-9.5,3.3E-15,0.));
#288 = VECTOR('',#289,1.);
#289 = DIRECTION('',(-3.5E-16,-1.,0.));
#290 = ORIENTED_EDGE('',*,*,#291,.T.);
#291 = EDGE_CURVE('',#284,#292,#294,.T.);
#292 = VERTEX_POINT('',#293);
#293 = CARTESIAN_POINT('',(-9.5,12.5,3.));
#294 = LINE('',#295,#296);
#295 = CARTESIAN_POINT('',(-9.5,12.5,3.));
#296 = VECTOR('',#297,1.);
#297 = DIRECTION('',(0.,0.,1.));
#298 = ORIENTED_EDGE('',*,*,#299,.T.);
#299 = EDGE_CURVE('',#292,#300,#302,.T.);
#300 = VERTEX_POINT('',#301);
#301 = CARTESIAN_POINT('',(-9.5,12.,3.));
#302 = LINE('',#303,#304);
#303 = CARTESIAN_POINT('',(-9.5,3.47E-15,3.));
#304 = VECTOR('',#305,1.);
#305 = DIRECTION('',(-3.5E-16,-1.,0.));
#306 = ORIENTED_EDGE('',*,*,#307,.T.);
#307 = EDGE_CURVE('',#300,#41,#308,.T.);
#308 = CIRCLE('',#309,2.);
#309 = AXIS2_PLACEMENT_3D('',#310,#311,#312);
#310 = CARTESIAN_POINT('',(-9.5,12.,5.));
#311 = DIRECTION('',(-1.,3.5E-16,0.));
#312 = DIRECTION('',(-3.5E-16,-1.,0.));
#313 = PLANE('',#314);
#314 = AXIS2_PLACEMENT_3D('',#315,#316,#317);
#315 = CARTESIAN_POINT('',(-9.5,0.,4.464674308968));
#316 = DIRECTION('',(1.,0.,0.));
#317 = DIRECTION('',(0.,0.,1.));
#318 = ADVANCED_FACE('',(#319),#337,.F.);
#319 = FACE_BOUND('',#320,.T.);
#320 = EDGE_LOOP('',(#321,#329,#330,#331));
#321 = ORIENTED_EDGE('',*,*,#322,.T.);
#322 = EDGE_CURVE('',#323,#193,#325,.T.);
#323 = VERTEX_POINT('',#324);
#324 = CARTESIAN_POINT('',(-11.,5.,9.));
#325 = LINE('',#326,#327);
#326 = CARTESIAN_POINT('',(-9.5,5.,9.));
#327 = VECTOR('',#328,1.);
#328 = DIRECTION('',(-1.,-0.,-0.));
#329 = ORIENTED_EDGE('',*,*,#202,.T.);
#330 = ORIENTED_EDGE('',*,*,#80,.T.);
#331 = ORIENTED_EDGE('',*,*,#332,.T.);
#332 = EDGE_CURVE('',#73,#323,#333,.T.);
#333 = LINE('',#334,#335);
#334 = CARTESIAN_POINT('',(-11.,7.5,9.));
#335 = VECTOR('',#336,1.);
#336 = DIRECTION('',(0.,-1.,0.));
#337 = PLANE('',#338);
#338 = AXIS2_PLACEMENT_3D('',#339,#340,#341);
#339 = CARTESIAN_POINT('',(-31.53012205049,10.217716636812,9.));
#340 = DIRECTION('',(0.,0.,1.));
#341 = DIRECTION('',(-1.,0.,0.));
#342 = ADVANCED_FACE('',(#343),#362,.F.);
#343 = FACE_BOUND('',#344,.F.);
#344 = EDGE_LOOP('',(#345,#346,#355,#361));
#345 = ORIENTED_EDGE('',*,*,#48,.T.);
#346 = ORIENTED_EDGE('',*,*,#347,.F.);
#347 = EDGE_CURVE('',#348,#49,#350,.T.);
#348 = VERTEX_POINT('',#349);
#349 = CARTESIAN_POINT('',(-16.5,12.,3.));
#350 = ELLIPSE('',#351,2.828427124746,2.);
#351 = AXIS2_PLACEMENT_3D('',#352,#353,#354);
#352 = CARTESIAN_POINT('',(-16.5,12.,5.));
#353 = DIRECTION('',(-0.707106781187,-0.707106781187,0.));
#354 = DIRECTION('',(0.707106781187,-0.707106781187,0.));
#355 = ORIENTED_EDGE('',*,*,#356,.F.);
#356 = EDGE_CURVE('',#300,#348,#357,.T.);
#357 = LINE('',#358,#359);
#358 = CARTESIAN_POINT('',(-6.94E-15,12.,3.));
#359 = VECTOR('',#360,1.);
#360 = DIRECTION('',(-1.,0.,0.));
#361 = ORIENTED_EDGE('',*,*,#307,.T.);
#362 = CYLINDRICAL_SURFACE('',#363,2.);
#363 = AXIS2_PLACEMENT_3D('',#364,#365,#366);
#364 = CARTESIAN_POINT('',(-12.,12.,5.));
#365 = DIRECTION('',(-1.,0.,0.));
#366 = DIRECTION('',(0.,0.,1.));
#367 = ADVANCED_FACE('',(#368),#386,.F.);
#368 = FACE_BOUND('',#369,.T.);
#369 = EDGE_LOOP('',(#370,#378,#384,#385));
#370 = ORIENTED_EDGE('',*,*,#371,.T.);
#371 = EDGE_CURVE('',#65,#372,#374,.T.);
#372 = VERTEX_POINT('',#373);
#373 = CARTESIAN_POINT('',(-11.,5.,7.));
#374 = LINE('',#375,#376);
#375 = CARTESIAN_POINT('',(-11.,7.5,7.));
#376 = VECTOR('',#377,1.);
#377 = DIRECTION('',(0.,-1.,0.));
#378 = ORIENTED_EDGE('',*,*,#379,.F.);
#379 = EDGE_CURVE('',#323,#372,#380,.T.);
#380 = LINE('',#381,#382);
#381 = CARTESIAN_POINT('',(-11.,5.,9.));
#382 = VECTOR('',#383,1.);
#383 = DIRECTION('',(0.,0.,-1.));
#384 = ORIENTED_EDGE('',*,*,#332,.F.);
#385 = ORIENTED_EDGE('',*,*,#72,.T.);
#386 = PLANE('',#387);
#387 = AXIS2_PLACEMENT_3D('',#388,#389,#390);
#388 = CARTESIAN_POINT('',(-11.,7.5,9.));
#389 = DIRECTION('',(1.,0.,0.));
#390 = DIRECTION('',(0.,0.,-1.));
#391 = ADVANCED_FACE('',(#392),#417,.F.);
#392 = FACE_BOUND('',#393,.T.);
#393 = EDGE_LOOP('',(#394,#395,#403,#411));
#394 = ORIENTED_EDGE('',*,*,#56,.T.);
#395 = ORIENTED_EDGE('',*,*,#396,.T.);
#396 = EDGE_CURVE('',#49,#397,#399,.T.);
#397 = VERTEX_POINT('',#398);
#398 = CARTESIAN_POINT('',(-14.5,-10.,5.));
#399 = LINE('',#400,#401);
#400 = CARTESIAN_POINT('',(-14.5,5.,5.));
#401 = VECTOR('',#402,1.);
#402 = DIRECTION('',(-3.5E-16,-1.,0.));
#403 = ORIENTED_EDGE('',*,*,#404,.F.);
#404 = EDGE_CURVE('',#405,#397,#407,.T.);
#405 = VERTEX_POINT('',#406);
#406 = CARTESIAN_POINT('',(-14.5,-10.,7.));
#407 = LINE('',#408,#409);
#408 = CARTESIAN_POINT('',(-14.5,-10.,7.));
#409 = VECTOR('',#410,1.);
#410 = DIRECTION('',(0.,0.,-1.));
#411 = ORIENTED_EDGE('',*,*,#412,.F.);
#412 = EDGE_CURVE('',#57,#405,#413,.T.);
#413 = LINE('',#414,#415);
#414 = CARTESIAN_POINT('',(-14.5,5.,7.));
#415 = VECTOR('',#416,1.);
#416 = DIRECTION('',(-3.5E-16,-1.,0.));
#417 = PLANE('',#418);
#418 = AXIS2_PLACEMENT_3D('',#419,#420,#421);
#419 = CARTESIAN_POINT('',(-14.5,5.,7.));
#420 = DIRECTION('',(1.,-3.5E-16,0.));
#421 = DIRECTION('',(3.5E-16,1.,0.));
#422 = ADVANCED_FACE('',(#423),#457,.T.);
#423 = FACE_BOUND('',#424,.T.);
#424 = EDGE_LOOP('',(#425,#426,#432,#433,#434,#435,#443,#451));
#425 = ORIENTED_EDGE('',*,*,#226,.F.);
#426 = ORIENTED_EDGE('',*,*,#427,.T.);
#427 = EDGE_CURVE('',#219,#372,#428,.T.);
#428 = LINE('',#429,#430);
#429 = CARTESIAN_POINT('',(-10.25,5.,7.));
#430 = VECTOR('',#431,1.);
#431 = DIRECTION('',(-1.,0.,0.));
#432 = ORIENTED_EDGE('',*,*,#371,.F.);
#433 = ORIENTED_EDGE('',*,*,#64,.T.);
#434 = ORIENTED_EDGE('',*,*,#412,.T.);
#435 = ORIENTED_EDGE('',*,*,#436,.F.);
#436 = EDGE_CURVE('',#437,#405,#439,.T.);
#437 = VERTEX_POINT('',#438);
#438 = CARTESIAN_POINT('',(-11.,-10.,7.));
#439 = LINE('',#440,#441);
#440 = CARTESIAN_POINT('',(-12.,-10.,7.));
#441 = VECTOR('',#442,1.);
#442 = DIRECTION('',(-1.,3.5E-16,0.));
#443 = ORIENTED_EDGE('',*,*,#444,.T.);
#444 = EDGE_CURVE('',#437,#445,#447,.T.);
#445 = VERTEX_POINT('',#446);
#446 = CARTESIAN_POINT('',(-11.,-5.,7.));
#447 = LINE('',#448,#449);
#448 = CARTESIAN_POINT('',(-11.,-7.5,7.));
#449 = VECTOR('',#450,1.);
#450 = DIRECTION('',(0.,1.,0.));
#451 = ORIENTED_EDGE('',*,*,#452,.F.);
#452 = EDGE_CURVE('',#227,#445,#453,.T.);
#453 = LINE('',#454,#455);
#454 = CARTESIAN_POINT('',(-10.25,-5.,7.));
#455 = VECTOR('',#456,1.);
#456 = DIRECTION('',(-1.,0.,0.));
#457 = PLANE('',#458);
#458 = AXIS2_PLACEMENT_3D('',#459,#460,#461);
#459 = CARTESIAN_POINT('',(-6.94E-15,0.,7.));
#460 = DIRECTION('',(0.,0.,1.));
#461 = DIRECTION('',(1.,0.,0.));
#462 = ADVANCED_FACE('',(#463),#473,.T.);
#463 = FACE_BOUND('',#464,.T.);
#464 = EDGE_LOOP('',(#465,#466,#467,#468,#469,#470,#471,#472));
#465 = ORIENTED_EDGE('',*,*,#120,.T.);
#466 = ORIENTED_EDGE('',*,*,#142,.T.);
#467 = ORIENTED_EDGE('',*,*,#192,.F.);
#468 = ORIENTED_EDGE('',*,*,#322,.F.);
#469 = ORIENTED_EDGE('',*,*,#379,.T.);
#470 = ORIENTED_EDGE('',*,*,#427,.F.);
#471 = ORIENTED_EDGE('',*,*,#218,.T.);
#472 = ORIENTED_EDGE('',*,*,#176,.F.);
#473 = PLANE('',#474);
#474 = AXIS2_PLACEMENT_3D('',#475,#476,#477);
#475 = CARTESIAN_POINT('',(-10.36836734693,5.,8.581632653061));
#476 = DIRECTION('',(-0.,-1.,-0.));
#477 = DIRECTION('',(0.,0.,-1.));
#478 = ADVANCED_FACE('',(#479,#513,#547),#852,.T.);
#479 = FACE_BOUND('',#480,.T.);
#480 = EDGE_LOOP('',(#481,#491,#499,#507));
#481 = ORIENTED_EDGE('',*,*,#482,.F.);
#482 = EDGE_CURVE('',#483,#485,#487,.T.);
#483 = VERTEX_POINT('',#484);
#484 = CARTESIAN_POINT('',(-49.,-6.5,3.));
#485 = VERTEX_POINT('',#486);
#486 = CARTESIAN_POINT('',(-49.,-16.5,3.));
#487 = LINE('',#488,#489);
#488 = CARTESIAN_POINT('',(-49.,0.,3.));
#489 = VECTOR('',#490,1.);
#490 = DIRECTION('',(0.,-1.,0.));
#491 = ORIENTED_EDGE('',*,*,#492,.T.);
#492 = EDGE_CURVE('',#483,#493,#495,.T.);
#493 = VERTEX_POINT('',#494);
#494 = CARTESIAN_POINT('',(-38.5,-6.5,3.));
#495 = LINE('',#496,#497);
#496 = CARTESIAN_POINT('',(-40.5,-6.5,3.));
#497 = VECTOR('',#498,1.);
#498 = DIRECTION('',(1.,0.,0.));
#499 = ORIENTED_EDGE('',*,*,#500,.T.);
#500 = EDGE_CURVE('',#493,#501,#503,.T.);
#501 = VERTEX_POINT('',#502);
#502 = CARTESIAN_POINT('',(-38.5,-16.5,3.));
#503 = LINE('',#504,#505);
#504 = CARTESIAN_POINT('',(-38.5,-14.5,3.));
#505 = VECTOR('',#506,1.);
#506 = DIRECTION('',(0.,-1.,0.));
#507 = ORIENTED_EDGE('',*,*,#508,.F.);
#508 = EDGE_CURVE('',#485,#501,#509,.T.);
#509 = LINE('',#510,#511);
#510 = CARTESIAN_POINT('',(-6.94E-15,-16.5,3.));
#511 = VECTOR('',#512,1.);
#512 = DIRECTION('',(1.,0.,0.));
#513 = FACE_BOUND('',#514,.T.);
#514 = EDGE_LOOP('',(#515,#525,#533,#541));
#515 = ORIENTED_EDGE('',*,*,#516,.F.);
#516 = EDGE_CURVE('',#517,#519,#521,.T.);
#517 = VERTEX_POINT('',#518);
#518 = CARTESIAN_POINT('',(-49.,6.5,3.));
#519 = VERTEX_POINT('',#520);
#520 = CARTESIAN_POINT('',(-38.5,6.5,3.));
#521 = LINE('',#522,#523);
#522 = CARTESIAN_POINT('',(-6.94E-15,6.5,3.));
#523 = VECTOR('',#524,1.);
#524 = DIRECTION('',(1.,0.,0.));
#525 = ORIENTED_EDGE('',*,*,#526,.T.);
#526 = EDGE_CURVE('',#517,#527,#529,.T.);
#527 = VERTEX_POINT('',#528);
#528 = CARTESIAN_POINT('',(-49.,16.5,3.));
#529 = LINE('',#530,#531);
#530 = CARTESIAN_POINT('',(-49.,14.5,3.));
#531 = VECTOR('',#532,1.);
#532 = DIRECTION('',(0.,1.,0.));
#533 = ORIENTED_EDGE('',*,*,#534,.T.);
#534 = EDGE_CURVE('',#527,#535,#537,.T.);
#535 = VERTEX_POINT('',#536);
#536 = CARTESIAN_POINT('',(-38.5,16.5,3.));
#537 = LINE('',#538,#539);
#538 = CARTESIAN_POINT('',(-40.5,16.5,3.));
#539 = VECTOR('',#540,1.);
#540 = DIRECTION('',(1.,0.,0.));
#541 = ORIENTED_EDGE('',*,*,#542,.F.);
#542 = EDGE_CURVE('',#519,#535,#543,.T.);
#543 = LINE('',#544,#545);
#544 = CARTESIAN_POINT('',(-38.5,0.,3.));
#545 = VECTOR('',#546,1.);
#546 = DIRECTION('',(0.,1.,0.));
#547 = FACE_BOUND('',#548,.T.);
#548 = EDGE_LOOP('',(#549,#557,#558,#559,#568,#576,#585,#593,#602,#610,
    #618,#626,#634,#642,#650,#658,#666,#674,#682,#690,#698,#706,#714,
    #722,#730,#738,#746,#754,#762,#770,#778,#788,#796,#806,#814,#822,
    #830,#838,#845,#846));
#549 = ORIENTED_EDGE('',*,*,#550,.F.);
#550 = EDGE_CURVE('',#348,#551,#553,.T.);
#551 = VERTEX_POINT('',#552);
#552 = CARTESIAN_POINT('',(-16.5,-12.,3.));
#553 = LINE('',#554,#555);
#554 = CARTESIAN_POINT('',(-16.5,5.72E-15,3.));
#555 = VECTOR('',#556,1.);
#556 = DIRECTION('',(-3.5E-16,-1.,0.));
#557 = ORIENTED_EDGE('',*,*,#356,.F.);
#558 = ORIENTED_EDGE('',*,*,#299,.F.);
#559 = ORIENTED_EDGE('',*,*,#560,.F.);
#560 = EDGE_CURVE('',#561,#292,#563,.T.);
#561 = VERTEX_POINT('',#562);
#562 = CARTESIAN_POINT('',(-4.5,17.5,3.));
#563 = CIRCLE('',#564,5.);
#564 = AXIS2_PLACEMENT_3D('',#565,#566,#567);
#565 = CARTESIAN_POINT('',(-4.5,12.5,3.));
#566 = DIRECTION('',(0.,0.,1.));
#567 = DIRECTION('',(1.,0.,0.));
#568 = ORIENTED_EDGE('',*,*,#569,.F.);
#569 = EDGE_CURVE('',#570,#561,#572,.T.);
#570 = VERTEX_POINT('',#571);
#571 = CARTESIAN_POINT('',(37.,17.5,3.));
#572 = LINE('',#573,#574);
#573 = CARTESIAN_POINT('',(16.25,17.5,3.));
#574 = VECTOR('',#575,1.);
#575 = DIRECTION('',(-1.,2.E-16,0.));
#576 = ORIENTED_EDGE('',*,*,#577,.F.);
#577 = EDGE_CURVE('',#578,#570,#580,.T.);
#578 = VERTEX_POINT('',#579);
#579 = CARTESIAN_POINT('',(42.,12.5,3.));
#580 = CIRCLE('',#581,5.);
#581 = AXIS2_PLACEMENT_3D('',#582,#583,#584);
#582 = CARTESIAN_POINT('',(37.,12.5,3.));
#583 = DIRECTION('',(0.,0.,1.));
#584 = DIRECTION('',(1.,0.,0.));
#585 = ORIENTED_EDGE('',*,*,#586,.T.);
#586 = EDGE_CURVE('',#578,#587,#589,.T.);
#587 = VERTEX_POINT('',#588);
#588 = CARTESIAN_POINT('',(42.,-12.5,3.));
#589 = LINE('',#590,#591);
#590 = CARTESIAN_POINT('',(42.,-8.75,3.));
#591 = VECTOR('',#592,1.);
#592 = DIRECTION('',(-4.E-16,-1.,0.));
#593 = ORIENTED_EDGE('',*,*,#594,.F.);
#594 = EDGE_CURVE('',#595,#587,#597,.T.);
#595 = VERTEX_POINT('',#596);
#596 = CARTESIAN_POINT('',(37.,-17.5,3.));
#597 = CIRCLE('',#598,5.);
#598 = AXIS2_PLACEMENT_3D('',#599,#600,#601);
#599 = CARTESIAN_POINT('',(37.,-12.5,3.));
#600 = DIRECTION('',(0.,0.,1.));
#601 = DIRECTION('',(1.,0.,0.));
#602 = ORIENTED_EDGE('',*,*,#603,.T.);
#603 = EDGE_CURVE('',#595,#604,#606,.T.);
#604 = VERTEX_POINT('',#605);
#605 = CARTESIAN_POINT('',(34.684658438426,-17.5,3.));
#606 = LINE('',#607,#608);
#607 = CARTESIAN_POINT('',(16.25,-17.5,3.));
#608 = VECTOR('',#609,1.);
#609 = DIRECTION('',(-1.,2.E-16,0.));
#610 = ORIENTED_EDGE('',*,*,#611,.T.);
#611 = EDGE_CURVE('',#604,#612,#614,.T.);
#612 = VERTEX_POINT('',#613);
#613 = CARTESIAN_POINT('',(34.684658438426,-25.39518444143,3.));
#614 = LINE('',#615,#616);
#615 = CARTESIAN_POINT('',(34.684658438426,-25.39518444143,3.));
#616 = VECTOR('',#617,1.);
#617 = DIRECTION('',(-2.E-16,-1.,0.));
#618 = ORIENTED_EDGE('',*,*,#619,.F.);
#619 = EDGE_CURVE('',#620,#612,#622,.T.);
#620 = VERTEX_POINT('',#621);
#621 = CARTESIAN_POINT('',(49.895184441434,-25.39518444143,3.));
#622 = LINE('',#623,#624);
#623 = CARTESIAN_POINT('',(0.,-25.39518444143,3.));
#624 = VECTOR('',#625,1.);
#625 = DIRECTION('',(-1.,0.,0.));
#626 = ORIENTED_EDGE('',*,*,#627,.F.);
#627 = EDGE_CURVE('',#628,#620,#630,.T.);
#628 = VERTEX_POINT('',#629);
#629 = CARTESIAN_POINT('',(49.895184441434,25.395184441434,3.));
#630 = LINE('',#631,#632);
#631 = CARTESIAN_POINT('',(49.895184441434,-25.5,3.));
#632 = VECTOR('',#633,1.);
#633 = DIRECTION('',(0.,-1.,0.));
#634 = ORIENTED_EDGE('',*,*,#635,.F.);
#635 = EDGE_CURVE('',#636,#628,#638,.T.);
#636 = VERTEX_POINT('',#637);
#637 = CARTESIAN_POINT('',(41.,25.395184441434,3.));
#638 = LINE('',#639,#640);
#639 = CARTESIAN_POINT('',(0.,25.395184441434,3.));
#640 = VECTOR('',#641,1.);
#641 = DIRECTION('',(1.,0.,0.));
#642 = ORIENTED_EDGE('',*,*,#643,.T.);
#643 = EDGE_CURVE('',#636,#644,#646,.T.);
#644 = VERTEX_POINT('',#645);
#645 = CARTESIAN_POINT('',(41.,22.395184441434,3.));
#646 = LINE('',#647,#648);
#647 = CARTESIAN_POINT('',(41.,22.395184441434,3.));
#648 = VECTOR('',#649,1.);
#649 = DIRECTION('',(0.,-1.,0.));
#650 = ORIENTED_EDGE('',*,*,#651,.F.);
#651 = EDGE_CURVE('',#652,#644,#654,.T.);
#652 = VERTEX_POINT('',#653);
#653 = CARTESIAN_POINT('',(35.640312423743,22.395184441434,3.));
#654 = LINE('',#655,#656);
#655 = CARTESIAN_POINT('',(35.,22.395184441434,3.));
#656 = VECTOR('',#657,1.);
#657 = DIRECTION('',(1.,0.,0.));
#658 = ORIENTED_EDGE('',*,*,#659,.T.);
#659 = EDGE_CURVE('',#652,#660,#662,.T.);
#660 = VERTEX_POINT('',#661);
#661 = CARTESIAN_POINT('',(35.640312423743,25.395184441434,3.));
#662 = LINE('',#663,#664);
#663 = CARTESIAN_POINT('',(35.640312423743,22.393184441434,3.));
#664 = VECTOR('',#665,1.);
#665 = DIRECTION('',(0.,1.,0.));
#666 = ORIENTED_EDGE('',*,*,#667,.F.);
#667 = EDGE_CURVE('',#668,#660,#670,.T.);
#668 = VERTEX_POINT('',#669);
#669 = CARTESIAN_POINT('',(34.359687576257,25.395184441434,3.));
#670 = LINE('',#671,#672);
#671 = CARTESIAN_POINT('',(0.,25.395184441434,3.));
#672 = VECTOR('',#673,1.);
#673 = DIRECTION('',(1.,0.,0.));
#674 = ORIENTED_EDGE('',*,*,#675,.F.);
#675 = EDGE_CURVE('',#676,#668,#678,.T.);
#676 = VERTEX_POINT('',#677);
#677 = CARTESIAN_POINT('',(34.359687576257,22.395184441434,3.));
#678 = LINE('',#679,#680);
#679 = CARTESIAN_POINT('',(34.359687576257,22.393184441434,3.));
#680 = VECTOR('',#681,1.);
#681 = DIRECTION('',(0.,1.,0.));
#682 = ORIENTED_EDGE('',*,*,#683,.F.);
#683 = EDGE_CURVE('',#684,#676,#686,.T.);
#684 = VERTEX_POINT('',#685);
#685 = CARTESIAN_POINT('',(29.,22.395184441434,3.));
#686 = LINE('',#687,#688);
#687 = CARTESIAN_POINT('',(35.,22.395184441434,3.));
#688 = VECTOR('',#689,1.);
#689 = DIRECTION('',(1.,0.,0.));
#690 = ORIENTED_EDGE('',*,*,#691,.F.);
#691 = EDGE_CURVE('',#692,#684,#694,.T.);
#692 = VERTEX_POINT('',#693);
#693 = CARTESIAN_POINT('',(29.,25.395184441434,3.));
#694 = LINE('',#695,#696);
#695 = CARTESIAN_POINT('',(29.,0.,3.));
#696 = VECTOR('',#697,1.);
#697 = DIRECTION('',(0.,-1.,0.));
#698 = ORIENTED_EDGE('',*,*,#699,.F.);
#699 = EDGE_CURVE('',#700,#692,#702,.T.);
#700 = VERTEX_POINT('',#701);
#701 = CARTESIAN_POINT('',(-29.,25.395184441434,3.));
#702 = LINE('',#703,#704);
#703 = CARTESIAN_POINT('',(0.,25.395184441434,3.));
#704 = VECTOR('',#705,1.);
#705 = DIRECTION('',(1.,0.,0.));
#706 = ORIENTED_EDGE('',*,*,#707,.T.);
#707 = EDGE_CURVE('',#700,#708,#710,.T.);
#708 = VERTEX_POINT('',#709);
#709 = CARTESIAN_POINT('',(-29.,22.395184441434,3.));
#710 = LINE('',#711,#712);
#711 = CARTESIAN_POINT('',(-29.,22.395184441434,3.));
#712 = VECTOR('',#713,1.);
#713 = DIRECTION('',(0.,-1.,0.));
#714 = ORIENTED_EDGE('',*,*,#715,.T.);
#715 = EDGE_CURVE('',#708,#716,#718,.T.);
#716 = VERTEX_POINT('',#717);
#717 = CARTESIAN_POINT('',(-34.35968757625,22.395184441434,3.));
#718 = LINE('',#719,#720);
#719 = CARTESIAN_POINT('',(-35.,22.395184441434,3.));
#720 = VECTOR('',#721,1.);
#721 = DIRECTION('',(-1.,0.,0.));
#722 = ORIENTED_EDGE('',*,*,#723,.T.);
#723 = EDGE_CURVE('',#716,#724,#726,.T.);
#724 = VERTEX_POINT('',#725);
#725 = CARTESIAN_POINT('',(-35.64031242374,22.395184441434,3.));
#726 = LINE('',#727,#728);
#727 = CARTESIAN_POINT('',(-35.,22.395184441434,3.));
#728 = VECTOR('',#729,1.);
#729 = DIRECTION('',(-1.,0.,0.));
#730 = ORIENTED_EDGE('',*,*,#731,.T.);
#731 = EDGE_CURVE('',#724,#732,#734,.T.);
#732 = VERTEX_POINT('',#733);
#733 = CARTESIAN_POINT('',(-41.,22.395184441434,3.));
#734 = LINE('',#735,#736);
#735 = CARTESIAN_POINT('',(-35.,22.395184441434,3.));
#736 = VECTOR('',#737,1.);
#737 = DIRECTION('',(-1.,0.,0.));
#738 = ORIENTED_EDGE('',*,*,#739,.F.);
#739 = EDGE_CURVE('',#740,#732,#742,.T.);
#740 = VERTEX_POINT('',#741);
#741 = CARTESIAN_POINT('',(-41.,25.395184441434,3.));
#742 = LINE('',#743,#744);
#743 = CARTESIAN_POINT('',(-41.,0.,3.));
#744 = VECTOR('',#745,1.);
#745 = DIRECTION('',(0.,-1.,0.));
#746 = ORIENTED_EDGE('',*,*,#747,.F.);
#747 = EDGE_CURVE('',#748,#740,#750,.T.);
#748 = VERTEX_POINT('',#749);
#749 = CARTESIAN_POINT('',(-49.89518444143,25.395184441434,3.));
#750 = LINE('',#751,#752);
#751 = CARTESIAN_POINT('',(0.,25.395184441434,3.));
#752 = VECTOR('',#753,1.);
#753 = DIRECTION('',(1.,0.,0.));
#754 = ORIENTED_EDGE('',*,*,#755,.F.);
#755 = EDGE_CURVE('',#756,#748,#758,.T.);
#756 = VERTEX_POINT('',#757);
#757 = CARTESIAN_POINT('',(-49.89518444143,-25.39518444143,3.));
#758 = LINE('',#759,#760);
#759 = CARTESIAN_POINT('',(-49.89518444143,-25.5,3.));
#760 = VECTOR('',#761,1.);
#761 = DIRECTION('',(0.,1.,0.));
#762 = ORIENTED_EDGE('',*,*,#763,.F.);
#763 = EDGE_CURVE('',#764,#756,#766,.T.);
#764 = VERTEX_POINT('',#765);
#765 = CARTESIAN_POINT('',(-6.,-25.39518444143,3.));
#766 = LINE('',#767,#768);
#767 = CARTESIAN_POINT('',(0.,-25.39518444143,3.));
#768 = VECTOR('',#769,1.);
#769 = DIRECTION('',(-1.,0.,0.));
#770 = ORIENTED_EDGE('',*,*,#771,.T.);
#771 = EDGE_CURVE('',#764,#772,#774,.T.);
#772 = VERTEX_POINT('',#773);
#773 = CARTESIAN_POINT('',(-6.,-21.39518444143,3.));
#774 = LINE('',#775,#776);
#775 = CARTESIAN_POINT('',(-6.,-20.39518444143,3.));
#776 = VECTOR('',#777,1.);
#777 = DIRECTION('',(3.5E-16,1.,0.));
#778 = ORIENTED_EDGE('',*,*,#779,.F.);
#779 = EDGE_CURVE('',#780,#772,#782,.T.);
#780 = VERTEX_POINT('',#781);
#781 = CARTESIAN_POINT('',(-3.7639320225,-20.39518444143,3.));
#782 = B_SPLINE_CURVE_WITH_KNOTS('',3,(#783,#784,#785,#786,#787),
  .UNSPECIFIED.,.F.,.F.,(4,1,4),(0.,1.245717169274E-03,
    2.491434338548E-03),.QUASI_UNIFORM_KNOTS.);
#783 = CARTESIAN_POINT('',(-3.7639320225,-20.39518444143,3.));
#784 = CARTESIAN_POINT('',(-4.185281062743,-20.39518444143,3.));
#785 = CARTESIAN_POINT('',(-4.987777109138,-20.67792838581,3.));
#786 = CARTESIAN_POINT('',(-5.660958165093,-21.15544685955,3.));
#787 = CARTESIAN_POINT('',(-6.,-21.39518444143,3.));
#788 = ORIENTED_EDGE('',*,*,#789,.T.);
#789 = EDGE_CURVE('',#780,#790,#792,.T.);
#790 = VERTEX_POINT('',#791);
#791 = CARTESIAN_POINT('',(3.7639320225,-20.39518444143,3.));
#792 = LINE('',#793,#794);
#793 = CARTESIAN_POINT('',(-2.,-20.39518444143,3.));
#794 = VECTOR('',#795,1.);
#795 = DIRECTION('',(1.,0.,0.));
#796 = ORIENTED_EDGE('',*,*,#797,.T.);
#797 = EDGE_CURVE('',#790,#798,#800,.T.);
#798 = VERTEX_POINT('',#799);
#799 = CARTESIAN_POINT('',(6.,-21.39518444143,3.));
#800 = B_SPLINE_CURVE_WITH_KNOTS('',3,(#801,#802,#803,#804,#805),
  .UNSPECIFIED.,.F.,.F.,(4,1,4),(0.,1.245717169274E-03,
    2.491434338548E-03),.QUASI_UNIFORM_KNOTS.);
#801 = CARTESIAN_POINT('',(3.7639320225,-20.39518444143,3.));
#802 = CARTESIAN_POINT('',(4.185281062743,-20.39518444143,3.));
#803 = CARTESIAN_POINT('',(4.987777109138,-20.67792838581,3.));
#804 = CARTESIAN_POINT('',(5.660958165093,-21.15544685955,3.));
#805 = CARTESIAN_POINT('',(6.,-21.39518444143,3.));
#806 = ORIENTED_EDGE('',*,*,#807,.F.);
#807 = EDGE_CURVE('',#808,#798,#810,.T.);
#808 = VERTEX_POINT('',#809);
#809 = CARTESIAN_POINT('',(6.,-25.39518444143,3.));
#810 = LINE('',#811,#812);
#811 = CARTESIAN_POINT('',(6.,-2.08E-15,3.));
#812 = VECTOR('',#813,1.);
#813 = DIRECTION('',(3.5E-16,1.,0.));
#814 = ORIENTED_EDGE('',*,*,#815,.F.);
#815 = EDGE_CURVE('',#816,#808,#818,.T.);
#816 = VERTEX_POINT('',#817);
#817 = CARTESIAN_POINT('',(22.315341561573,-25.39518444143,3.));
#818 = LINE('',#819,#820);
#819 = CARTESIAN_POINT('',(0.,-25.39518444143,3.));
#820 = VECTOR('',#821,1.);
#821 = DIRECTION('',(-1.,0.,0.));
#822 = ORIENTED_EDGE('',*,*,#823,.F.);
#823 = EDGE_CURVE('',#824,#816,#826,.T.);
#824 = VERTEX_POINT('',#825);
#825 = CARTESIAN_POINT('',(22.315341561573,-17.5,3.));
#826 = LINE('',#827,#828);
#827 = CARTESIAN_POINT('',(22.315341561573,-17.5,3.));
#828 = VECTOR('',#829,1.);
#829 = DIRECTION('',(-2.E-16,-1.,0.));
#830 = ORIENTED_EDGE('',*,*,#831,.T.);
#831 = EDGE_CURVE('',#824,#832,#834,.T.);
#832 = VERTEX_POINT('',#833);
#833 = CARTESIAN_POINT('',(-4.5,-17.5,3.));
#834 = LINE('',#835,#836);
#835 = CARTESIAN_POINT('',(16.25,-17.5,3.));
#836 = VECTOR('',#837,1.);
#837 = DIRECTION('',(-1.,2.E-16,0.));
#838 = ORIENTED_EDGE('',*,*,#839,.F.);
#839 = EDGE_CURVE('',#268,#832,#840,.T.);
#840 = CIRCLE('',#841,5.);
#841 = AXIS2_PLACEMENT_3D('',#842,#843,#844);
#842 = CARTESIAN_POINT('',(-4.5,-12.5,3.));
#843 = DIRECTION('',(0.,0.,1.));
#844 = DIRECTION('',(1.,0.,0.));
#845 = ORIENTED_EDGE('',*,*,#267,.F.);
#846 = ORIENTED_EDGE('',*,*,#847,.T.);
#847 = EDGE_CURVE('',#259,#551,#848,.T.);
#848 = LINE('',#849,#850);
#849 = CARTESIAN_POINT('',(-14.5,-12.,3.));
#850 = VECTOR('',#851,1.);
#851 = DIRECTION('',(-1.,3.5E-16,0.));
#852 = PLANE('',#853);
#853 = AXIS2_PLACEMENT_3D('',#854,#855,#856);
#854 = CARTESIAN_POINT('',(-6.94E-15,0.,3.));
#855 = DIRECTION('',(0.,0.,1.));
#856 = DIRECTION('',(1.,0.,0.));
#857 = ADVANCED_FACE('',(#858),#877,.F.);
#858 = FACE_BOUND('',#859,.F.);
#859 = EDGE_LOOP('',(#860,#861,#862,#870));
#860 = ORIENTED_EDGE('',*,*,#291,.T.);
#861 = ORIENTED_EDGE('',*,*,#560,.F.);
#862 = ORIENTED_EDGE('',*,*,#863,.F.);
#863 = EDGE_CURVE('',#864,#561,#866,.T.);
#864 = VERTEX_POINT('',#865);
#865 = CARTESIAN_POINT('',(-4.5,17.5,0.));
#866 = LINE('',#867,#868);
#867 = CARTESIAN_POINT('',(-4.5,17.5,0.));
#868 = VECTOR('',#869,1.);
#869 = DIRECTION('',(0.,0.,1.));
#870 = ORIENTED_EDGE('',*,*,#871,.T.);
#871 = EDGE_CURVE('',#864,#284,#872,.T.);
#872 = CIRCLE('',#873,5.);
#873 = AXIS2_PLACEMENT_3D('',#874,#875,#876);
#874 = CARTESIAN_POINT('',(-4.5,12.5,0.));
#875 = DIRECTION('',(0.,0.,1.));
#876 = DIRECTION('',(1.,0.,0.));
#877 = CYLINDRICAL_SURFACE('',#878,5.);
#878 = AXIS2_PLACEMENT_3D('',#879,#880,#881);
#879 = CARTESIAN_POINT('',(-4.5,12.5,-22.));
#880 = DIRECTION('',(0.,0.,-1.));
#881 = DIRECTION('',(-1.,0.,0.));
#882 = ADVANCED_FACE('',(#883),#935,.T.);
#883 = FACE_BOUND('',#884,.T.);
#884 = EDGE_LOOP('',(#885,#895,#902,#903,#904,#912,#920,#928));
#885 = ORIENTED_EDGE('',*,*,#886,.F.);
#886 = EDGE_CURVE('',#887,#889,#891,.T.);
#887 = VERTEX_POINT('',#888);
#888 = CARTESIAN_POINT('',(-10.5,-5.,10.));
#889 = VERTEX_POINT('',#890);
#890 = CARTESIAN_POINT('',(-10.6,-5.,10.));
#891 = LINE('',#892,#893);
#892 = CARTESIAN_POINT('',(-9.5,-5.,10.));
#893 = VECTOR('',#894,1.);
#894 = DIRECTION('',(-1.,0.,0.));
#895 = ORIENTED_EDGE('',*,*,#896,.T.);
#896 = EDGE_CURVE('',#887,#235,#897,.T.);
#897 = CIRCLE('',#898,1.);
#898 = AXIS2_PLACEMENT_3D('',#899,#900,#901);
#899 = CARTESIAN_POINT('',(-10.5,-5.,9.));
#900 = DIRECTION('',(0.,1.,0.));
#901 = DIRECTION('',(0.,0.,1.));
#902 = ORIENTED_EDGE('',*,*,#234,.T.);
#903 = ORIENTED_EDGE('',*,*,#452,.T.);
#904 = ORIENTED_EDGE('',*,*,#905,.F.);
#905 = EDGE_CURVE('',#906,#445,#908,.T.);
#906 = VERTEX_POINT('',#907);
#907 = CARTESIAN_POINT('',(-11.,-5.,9.));
#908 = LINE('',#909,#910);
#909 = CARTESIAN_POINT('',(-11.,-5.,9.));
#910 = VECTOR('',#911,1.);
#911 = DIRECTION('',(0.,0.,-1.));
#912 = ORIENTED_EDGE('',*,*,#913,.T.);
#913 = EDGE_CURVE('',#906,#914,#916,.T.);
#914 = VERTEX_POINT('',#915);
#915 = CARTESIAN_POINT('',(-11.4,-5.,9.));
#916 = LINE('',#917,#918);
#917 = CARTESIAN_POINT('',(-9.5,-5.,9.));
#918 = VECTOR('',#919,1.);
#919 = DIRECTION('',(-1.,0.,0.));
#920 = ORIENTED_EDGE('',*,*,#921,.T.);
#921 = EDGE_CURVE('',#914,#922,#924,.T.);
#922 = VERTEX_POINT('',#923);
#923 = CARTESIAN_POINT('',(-11.4,-5.,9.2));
#924 = LINE('',#925,#926);
#925 = CARTESIAN_POINT('',(-11.4,-5.,9.));
#926 = VECTOR('',#927,1.);
#927 = DIRECTION('',(0.,0.,1.));
#928 = ORIENTED_EDGE('',*,*,#929,.F.);
#929 = EDGE_CURVE('',#889,#922,#930,.T.);
#930 = CIRCLE('',#931,0.8);
#931 = AXIS2_PLACEMENT_3D('',#932,#933,#934);
#932 = CARTESIAN_POINT('',(-10.6,-5.,9.2));
#933 = DIRECTION('',(0.,-1.,0.));
#934 = DIRECTION('',(0.,0.,-1.));
#935 = PLANE('',#936);
#936 = AXIS2_PLACEMENT_3D('',#937,#938,#939);
#937 = CARTESIAN_POINT('',(-10.36836734693,-5.,8.581632653061));
#938 = DIRECTION('',(0.,1.,0.));
#939 = DIRECTION('',(0.,0.,1.));
#940 = ADVANCED_FACE('',(#941),#1058,.F.);
#941 = FACE_BOUND('',#942,.T.);
#942 = EDGE_LOOP('',(#943,#953,#961,#970,#978,#987,#993,#994,#995,#1004,
    #1012,#1020,#1028,#1036,#1044,#1052));
#943 = ORIENTED_EDGE('',*,*,#944,.F.);
#944 = EDGE_CURVE('',#945,#947,#949,.T.);
#945 = VERTEX_POINT('',#946);
#946 = CARTESIAN_POINT('',(31.,-17.5,0.));
#947 = VERTEX_POINT('',#948);
#948 = CARTESIAN_POINT('',(31.,-26.5,0.));
#949 = LINE('',#950,#951);
#950 = CARTESIAN_POINT('',(31.,1.195E-14,0.));
#951 = VECTOR('',#952,1.);
#952 = DIRECTION('',(3.9E-16,-1.,0.));
#953 = ORIENTED_EDGE('',*,*,#954,.F.);
#954 = EDGE_CURVE('',#955,#945,#957,.T.);
#955 = VERTEX_POINT('',#956);
#956 = CARTESIAN_POINT('',(37.,-17.5,0.));
#957 = LINE('',#958,#959);
#958 = CARTESIAN_POINT('',(-1.048E-14,-17.5,0.));
#959 = VECTOR('',#960,1.);
#960 = DIRECTION('',(-1.,2.E-16,0.));
#961 = ORIENTED_EDGE('',*,*,#962,.T.);
#962 = EDGE_CURVE('',#955,#963,#965,.T.);
#963 = VERTEX_POINT('',#964);
#964 = CARTESIAN_POINT('',(42.,-12.5,0.));
#965 = CIRCLE('',#966,5.);
#966 = AXIS2_PLACEMENT_3D('',#967,#968,#969);
#967 = CARTESIAN_POINT('',(37.,-12.5,0.));
#968 = DIRECTION('',(0.,0.,1.));
#969 = DIRECTION('',(1.,0.,0.));
#970 = ORIENTED_EDGE('',*,*,#971,.F.);
#971 = EDGE_CURVE('',#972,#963,#974,.T.);
#972 = VERTEX_POINT('',#973);
#973 = CARTESIAN_POINT('',(42.,12.5,0.));
#974 = LINE('',#975,#976);
#975 = CARTESIAN_POINT('',(42.,-1.665E-14,0.));
#976 = VECTOR('',#977,1.);
#977 = DIRECTION('',(-4.E-16,-1.,0.));
#978 = ORIENTED_EDGE('',*,*,#979,.T.);
#979 = EDGE_CURVE('',#972,#980,#982,.T.);
#980 = VERTEX_POINT('',#981);
#981 = CARTESIAN_POINT('',(37.,17.5,0.));
#982 = CIRCLE('',#983,5.);
#983 = AXIS2_PLACEMENT_3D('',#984,#985,#986);
#984 = CARTESIAN_POINT('',(37.,12.5,0.));
#985 = DIRECTION('',(0.,0.,1.));
#986 = DIRECTION('',(1.,0.,0.));
#987 = ORIENTED_EDGE('',*,*,#988,.T.);
#988 = EDGE_CURVE('',#980,#864,#989,.T.);
#989 = LINE('',#990,#991);
#990 = CARTESIAN_POINT('',(-3.4E-15,17.5,0.));
#991 = VECTOR('',#992,1.);
#992 = DIRECTION('',(-1.,2.E-16,0.));
#993 = ORIENTED_EDGE('',*,*,#871,.T.);
#994 = ORIENTED_EDGE('',*,*,#283,.T.);
#995 = ORIENTED_EDGE('',*,*,#996,.T.);
#996 = EDGE_CURVE('',#276,#997,#999,.T.);
#997 = VERTEX_POINT('',#998);
#998 = CARTESIAN_POINT('',(-4.5,-17.5,0.));
#999 = CIRCLE('',#1000,5.);
#1000 = AXIS2_PLACEMENT_3D('',#1001,#1002,#1003);
#1001 = CARTESIAN_POINT('',(-4.5,-12.5,0.));
#1002 = DIRECTION('',(0.,0.,1.));
#1003 = DIRECTION('',(1.,0.,0.));
#1004 = ORIENTED_EDGE('',*,*,#1005,.F.);
#1005 = EDGE_CURVE('',#1006,#997,#1008,.T.);
#1006 = VERTEX_POINT('',#1007);
#1007 = CARTESIAN_POINT('',(26.,-17.5,0.));
#1008 = LINE('',#1009,#1010);
#1009 = CARTESIAN_POINT('',(-1.048E-14,-17.5,0.));
#1010 = VECTOR('',#1011,1.);
#1011 = DIRECTION('',(-1.,2.E-16,0.));
#1012 = ORIENTED_EDGE('',*,*,#1013,.T.);
#1013 = EDGE_CURVE('',#1006,#1014,#1016,.T.);
#1014 = VERTEX_POINT('',#1015);
#1015 = CARTESIAN_POINT('',(26.,-26.5,0.));
#1016 = LINE('',#1017,#1018);
#1017 = CARTESIAN_POINT('',(26.,1.002E-14,0.));
#1018 = VECTOR('',#1019,1.);
#1019 = DIRECTION('',(3.9E-16,-1.,0.));
#1020 = ORIENTED_EDGE('',*,*,#1021,.F.);
#1021 = EDGE_CURVE('',#1022,#1014,#1024,.T.);
#1022 = VERTEX_POINT('',#1023);
#1023 = CARTESIAN_POINT('',(-51.,-26.5,0.));
#1024 = LINE('',#1025,#1026);
#1025 = CARTESIAN_POINT('',(0.,-26.5,0.));
#1026 = VECTOR('',#1027,1.);
#1027 = DIRECTION('',(1.,0.,0.));
#1028 = ORIENTED_EDGE('',*,*,#1029,.T.);
#1029 = EDGE_CURVE('',#1022,#1030,#1032,.T.);
#1030 = VERTEX_POINT('',#1031);
#1031 = CARTESIAN_POINT('',(-51.,26.5,0.));
#1032 = LINE('',#1033,#1034);
#1033 = CARTESIAN_POINT('',(-51.,-1.73E-15,0.));
#1034 = VECTOR('',#1035,1.);
#1035 = DIRECTION('',(-1.3E-16,1.,0.));
#1036 = ORIENTED_EDGE('',*,*,#1037,.T.);
#1037 = EDGE_CURVE('',#1030,#1038,#1040,.T.);
#1038 = VERTEX_POINT('',#1039);
#1039 = CARTESIAN_POINT('',(51.,26.5,0.));
#1040 = LINE('',#1041,#1042);
#1041 = CARTESIAN_POINT('',(-1.388E-14,26.5,0.));
#1042 = VECTOR('',#1043,1.);
#1043 = DIRECTION('',(1.,0.,0.));
#1044 = ORIENTED_EDGE('',*,*,#1045,.F.);
#1045 = EDGE_CURVE('',#1046,#1038,#1048,.T.);
#1046 = VERTEX_POINT('',#1047);
#1047 = CARTESIAN_POINT('',(51.,-26.5,0.));
#1048 = LINE('',#1049,#1050);
#1049 = CARTESIAN_POINT('',(51.,0.,0.));
#1050 = VECTOR('',#1051,1.);
#1051 = DIRECTION('',(-1.3E-16,1.,0.));
#1052 = ORIENTED_EDGE('',*,*,#1053,.F.);
#1053 = EDGE_CURVE('',#947,#1046,#1054,.T.);
#1054 = LINE('',#1055,#1056);
#1055 = CARTESIAN_POINT('',(0.,-26.5,0.));
#1056 = VECTOR('',#1057,1.);
#1057 = DIRECTION('',(1.,0.,0.));
#1058 = PLANE('',#1059);
#1059 = AXIS2_PLACEMENT_3D('',#1060,#1061,#1062);
#1060 = CARTESIAN_POINT('',(-6.94E-15,0.,0.));
#1061 = DIRECTION('',(0.,0.,1.));
#1062 = DIRECTION('',(1.,0.,0.));
#1063 = ADVANCED_FACE('',(#1064),#1083,.T.);
#1064 = FACE_BOUND('',#1065,.T.);
#1065 = EDGE_LOOP('',(#1066,#1075,#1076,#1077));
#1066 = ORIENTED_EDGE('',*,*,#1067,.T.);
#1067 = EDGE_CURVE('',#1068,#243,#1070,.T.);
#1068 = VERTEX_POINT('',#1069);
#1069 = CARTESIAN_POINT('',(-10.5,-10.,10.));
#1070 = CIRCLE('',#1071,1.);
#1071 = AXIS2_PLACEMENT_3D('',#1072,#1073,#1074);
#1072 = CARTESIAN_POINT('',(-10.5,-10.,9.));
#1073 = DIRECTION('',(0.,1.,0.));
#1074 = DIRECTION('',(0.,0.,1.));
#1075 = ORIENTED_EDGE('',*,*,#242,.T.);
#1076 = ORIENTED_EDGE('',*,*,#896,.F.);
#1077 = ORIENTED_EDGE('',*,*,#1078,.F.);
#1078 = EDGE_CURVE('',#1068,#887,#1079,.T.);
#1079 = LINE('',#1080,#1081);
#1080 = CARTESIAN_POINT('',(-10.5,-10.,10.));
#1081 = VECTOR('',#1082,1.);
#1082 = DIRECTION('',(0.,1.,0.));
#1083 = CYLINDRICAL_SURFACE('',#1084,1.);
#1084 = AXIS2_PLACEMENT_3D('',#1085,#1086,#1087);
#1085 = CARTESIAN_POINT('',(-10.5,-10.,9.));
#1086 = DIRECTION('',(0.,1.,0.));
#1087 = DIRECTION('',(0.,0.,1.));
#1088 = ADVANCED_FACE('',(#1089),#1100,.F.);
#1089 = FACE_BOUND('',#1090,.F.);
#1090 = EDGE_LOOP('',(#1091,#1097,#1098,#1099));
#1091 = ORIENTED_EDGE('',*,*,#1092,.T.);
#1092 = EDGE_CURVE('',#997,#832,#1093,.T.);
#1093 = LINE('',#1094,#1095);
#1094 = CARTESIAN_POINT('',(-4.5,-17.5,-22.));
#1095 = VECTOR('',#1096,1.);
#1096 = DIRECTION('',(0.,0.,1.));
#1097 = ORIENTED_EDGE('',*,*,#839,.F.);
#1098 = ORIENTED_EDGE('',*,*,#275,.F.);
#1099 = ORIENTED_EDGE('',*,*,#996,.T.);
#1100 = CYLINDRICAL_SURFACE('',#1101,5.);
#1101 = AXIS2_PLACEMENT_3D('',#1102,#1103,#1104);
#1102 = CARTESIAN_POINT('',(-4.5,-12.5,-22.));
#1103 = DIRECTION('',(0.,0.,1.));
#1104 = DIRECTION('',(1.,0.,0.));
#1105 = ADVANCED_FACE('',(#1106),#1157,.T.);
#1106 = FACE_BOUND('',#1107,.T.);
#1107 = EDGE_LOOP('',(#1108,#1116,#1125,#1133,#1141,#1147,#1148,#1149,
    #1155,#1156));
#1108 = ORIENTED_EDGE('',*,*,#1109,.F.);
#1109 = EDGE_CURVE('',#1110,#1068,#1112,.T.);
#1110 = VERTEX_POINT('',#1111);
#1111 = CARTESIAN_POINT('',(-10.6,-10.,10.));
#1112 = LINE('',#1113,#1114);
#1113 = CARTESIAN_POINT('',(-11.4,-10.,10.));
#1114 = VECTOR('',#1115,1.);
#1115 = DIRECTION('',(1.,0.,0.));
#1116 = ORIENTED_EDGE('',*,*,#1117,.T.);
#1117 = EDGE_CURVE('',#1110,#1118,#1120,.T.);
#1118 = VERTEX_POINT('',#1119);
#1119 = CARTESIAN_POINT('',(-11.4,-10.,9.2));
#1120 = CIRCLE('',#1121,0.8);
#1121 = AXIS2_PLACEMENT_3D('',#1122,#1123,#1124);
#1122 = CARTESIAN_POINT('',(-10.6,-10.,9.2));
#1123 = DIRECTION('',(0.,-1.,0.));
#1124 = DIRECTION('',(0.,0.,-1.));
#1125 = ORIENTED_EDGE('',*,*,#1126,.F.);
#1126 = EDGE_CURVE('',#1127,#1118,#1129,.T.);
#1127 = VERTEX_POINT('',#1128);
#1128 = CARTESIAN_POINT('',(-11.4,-10.,9.));
#1129 = LINE('',#1130,#1131);
#1130 = CARTESIAN_POINT('',(-11.4,-10.,9.));
#1131 = VECTOR('',#1132,1.);
#1132 = DIRECTION('',(0.,0.,1.));
#1133 = ORIENTED_EDGE('',*,*,#1134,.T.);
#1134 = EDGE_CURVE('',#1127,#1135,#1137,.T.);
#1135 = VERTEX_POINT('',#1136);
#1136 = CARTESIAN_POINT('',(-11.,-10.,9.));
#1137 = LINE('',#1138,#1139);
#1138 = CARTESIAN_POINT('',(-11.4,-10.,9.));
#1139 = VECTOR('',#1140,1.);
#1140 = DIRECTION('',(1.,0.,0.));
#1141 = ORIENTED_EDGE('',*,*,#1142,.T.);
#1142 = EDGE_CURVE('',#1135,#437,#1143,.T.);
#1143 = LINE('',#1144,#1145);
#1144 = CARTESIAN_POINT('',(-11.,-10.,9.));
#1145 = VECTOR('',#1146,1.);
#1146 = DIRECTION('',(0.,0.,-1.));
#1147 = ORIENTED_EDGE('',*,*,#436,.T.);
#1148 = ORIENTED_EDGE('',*,*,#404,.T.);
#1149 = ORIENTED_EDGE('',*,*,#1150,.F.);
#1150 = EDGE_CURVE('',#251,#397,#1151,.T.);
#1151 = LINE('',#1152,#1153);
#1152 = CARTESIAN_POINT('',(-9.5,-10.,5.));
#1153 = VECTOR('',#1154,1.);
#1154 = DIRECTION('',(-1.,3.5E-16,0.));
#1155 = ORIENTED_EDGE('',*,*,#250,.T.);
#1156 = ORIENTED_EDGE('',*,*,#1067,.F.);
#1157 = PLANE('',#1158);
#1158 = AXIS2_PLACEMENT_3D('',#1159,#1160,#1161);
#1159 = CARTESIAN_POINT('',(-11.48365384615,-10.,7.072115384615));
#1160 = DIRECTION('',(-0.,-1.,-0.));
#1161 = DIRECTION('',(0.,0.,-1.));
#1162 = ADVANCED_FACE('',(#1163),#1175,.F.);
#1163 = FACE_BOUND('',#1164,.F.);
#1164 = EDGE_LOOP('',(#1165,#1166,#1173,#1174));
#1165 = ORIENTED_EDGE('',*,*,#847,.T.);
#1166 = ORIENTED_EDGE('',*,*,#1167,.T.);
#1167 = EDGE_CURVE('',#551,#397,#1168,.T.);
#1168 = ELLIPSE('',#1169,2.828427124746,2.);
#1169 = AXIS2_PLACEMENT_3D('',#1170,#1171,#1172);
#1170 = CARTESIAN_POINT('',(-16.5,-12.,5.));
#1171 = DIRECTION('',(0.707106781187,-0.707106781187,0.));
#1172 = DIRECTION('',(0.707106781187,0.707106781187,0.));
#1173 = ORIENTED_EDGE('',*,*,#1150,.F.);
#1174 = ORIENTED_EDGE('',*,*,#258,.T.);
#1175 = CYLINDRICAL_SURFACE('',#1176,2.);
#1176 = AXIS2_PLACEMENT_3D('',#1177,#1178,#1179);
#1177 = CARTESIAN_POINT('',(-1.11E-14,-12.,5.));
#1178 = DIRECTION('',(1.,-3.5E-16,0.));
#1179 = DIRECTION('',(3.5E-16,1.,0.));
#1180 = ADVANCED_FACE('',(#1181),#1187,.F.);
#1181 = FACE_BOUND('',#1182,.F.);
#1182 = EDGE_LOOP('',(#1183,#1184,#1185,#1186));
#1183 = ORIENTED_EDGE('',*,*,#550,.F.);
#1184 = ORIENTED_EDGE('',*,*,#347,.T.);
#1185 = ORIENTED_EDGE('',*,*,#396,.T.);
#1186 = ORIENTED_EDGE('',*,*,#1167,.F.);
#1187 = CYLINDRICAL_SURFACE('',#1188,2.);
#1188 = AXIS2_PLACEMENT_3D('',#1189,#1190,#1191);
#1189 = CARTESIAN_POINT('',(-16.5,5.,5.));
#1190 = DIRECTION('',(-3.5E-16,-1.,0.));
#1191 = DIRECTION('',(1.,-3.5E-16,0.));
#1192 = ADVANCED_FACE('',(#1193),#1204,.T.);
#1193 = FACE_BOUND('',#1194,.T.);
#1194 = EDGE_LOOP('',(#1195,#1196,#1197,#1203));
#1195 = ORIENTED_EDGE('',*,*,#444,.F.);
#1196 = ORIENTED_EDGE('',*,*,#1142,.F.);
#1197 = ORIENTED_EDGE('',*,*,#1198,.T.);
#1198 = EDGE_CURVE('',#1135,#906,#1199,.T.);
#1199 = LINE('',#1200,#1201);
#1200 = CARTESIAN_POINT('',(-11.,-7.5,9.));
#1201 = VECTOR('',#1202,1.);
#1202 = DIRECTION('',(0.,1.,0.));
#1203 = ORIENTED_EDGE('',*,*,#905,.T.);
#1204 = PLANE('',#1205);
#1205 = AXIS2_PLACEMENT_3D('',#1206,#1207,#1208);
#1206 = CARTESIAN_POINT('',(-11.,-7.5,9.));
#1207 = DIRECTION('',(-1.,0.,0.));
#1208 = DIRECTION('',(0.,0.,1.));
#1209 = ADVANCED_FACE('',(#1210),#1237,.F.);
#1210 = FACE_BOUND('',#1211,.F.);
#1211 = EDGE_LOOP('',(#1212,#1213,#1222,#1230));
#1212 = ORIENTED_EDGE('',*,*,#482,.F.);
#1213 = ORIENTED_EDGE('',*,*,#1214,.T.);
#1214 = EDGE_CURVE('',#483,#1215,#1217,.T.);
#1215 = VERTEX_POINT('',#1216);
#1216 = CARTESIAN_POINT('',(-47.,-8.5,5.));
#1217 = ELLIPSE('',#1218,2.828427124746,2.);
#1218 = AXIS2_PLACEMENT_3D('',#1219,#1220,#1221);
#1219 = CARTESIAN_POINT('',(-49.,-6.5,5.));
#1220 = DIRECTION('',(-0.707106781187,-0.707106781187,0.));
#1221 = DIRECTION('',(0.707106781187,-0.707106781187,0.));
#1222 = ORIENTED_EDGE('',*,*,#1223,.T.);
#1223 = EDGE_CURVE('',#1215,#1224,#1226,.T.);
#1224 = VERTEX_POINT('',#1225);
#1225 = CARTESIAN_POINT('',(-47.,-14.5,5.));
#1226 = LINE('',#1227,#1228);
#1227 = CARTESIAN_POINT('',(-47.,-11.5,5.));
#1228 = VECTOR('',#1229,1.);
#1229 = DIRECTION('',(0.,-1.,0.));
#1230 = ORIENTED_EDGE('',*,*,#1231,.F.);
#1231 = EDGE_CURVE('',#485,#1224,#1232,.T.);
#1232 = ELLIPSE('',#1233,2.828427124746,2.);
#1233 = AXIS2_PLACEMENT_3D('',#1234,#1235,#1236);
#1234 = CARTESIAN_POINT('',(-49.,-16.5,5.));
#1235 = DIRECTION('',(0.707106781187,-0.707106781187,0.));
#1236 = DIRECTION('',(0.707106781187,0.707106781187,0.));
#1237 = CYLINDRICAL_SURFACE('',#1238,2.);
#1238 = AXIS2_PLACEMENT_3D('',#1239,#1240,#1241);
#1239 = CARTESIAN_POINT('',(-49.,-11.5,5.));
#1240 = DIRECTION('',(0.,-1.,0.));
#1241 = DIRECTION('',(0.,0.,-1.));
#1242 = ADVANCED_FACE('',(#1243),#1262,.F.);
#1243 = FACE_BOUND('',#1244,.F.);
#1244 = EDGE_LOOP('',(#1245,#1246,#1255,#1261));
#1245 = ORIENTED_EDGE('',*,*,#492,.T.);
#1246 = ORIENTED_EDGE('',*,*,#1247,.T.);
#1247 = EDGE_CURVE('',#493,#1248,#1250,.T.);
#1248 = VERTEX_POINT('',#1249);
#1249 = CARTESIAN_POINT('',(-40.5,-8.5,5.));
#1250 = ELLIPSE('',#1251,2.828427124746,2.);
#1251 = AXIS2_PLACEMENT_3D('',#1252,#1253,#1254);
#1252 = CARTESIAN_POINT('',(-38.5,-6.5,5.));
#1253 = DIRECTION('',(-0.707106781187,0.707106781187,0.));
#1254 = DIRECTION('',(0.707106781187,0.707106781187,0.));
#1255 = ORIENTED_EDGE('',*,*,#1256,.F.);
#1256 = EDGE_CURVE('',#1215,#1248,#1257,.T.);
#1257 = LINE('',#1258,#1259);
#1258 = CARTESIAN_POINT('',(-47.,-8.5,5.));
#1259 = VECTOR('',#1260,1.);
#1260 = DIRECTION('',(1.,0.,0.));
#1261 = ORIENTED_EDGE('',*,*,#1214,.F.);
#1262 = CYLINDRICAL_SURFACE('',#1263,2.);
#1263 = AXIS2_PLACEMENT_3D('',#1264,#1265,#1266);
#1264 = CARTESIAN_POINT('',(-6.94E-15,-6.5,5.));
#1265 = DIRECTION('',(-1.,0.,0.));
#1266 = DIRECTION('',(0.,0.,1.));
#1267 = ADVANCED_FACE('',(#1268),#1287,.F.);
#1268 = FACE_BOUND('',#1269,.F.);
#1269 = EDGE_LOOP('',(#1270,#1278,#1279,#1280));
#1270 = ORIENTED_EDGE('',*,*,#1271,.F.);
#1271 = EDGE_CURVE('',#1248,#1272,#1274,.T.);
#1272 = VERTEX_POINT('',#1273);
#1273 = CARTESIAN_POINT('',(-40.5,-14.5,5.));
#1274 = LINE('',#1275,#1276);
#1275 = CARTESIAN_POINT('',(-40.5,-8.5,5.));
#1276 = VECTOR('',#1277,1.);
#1277 = DIRECTION('',(0.,-1.,0.));
#1278 = ORIENTED_EDGE('',*,*,#1247,.F.);
#1279 = ORIENTED_EDGE('',*,*,#500,.T.);
#1280 = ORIENTED_EDGE('',*,*,#1281,.T.);
#1281 = EDGE_CURVE('',#501,#1272,#1282,.T.);
#1282 = ELLIPSE('',#1283,2.828427124746,2.);
#1283 = AXIS2_PLACEMENT_3D('',#1284,#1285,#1286);
#1284 = CARTESIAN_POINT('',(-38.5,-16.5,5.));
#1285 = DIRECTION('',(0.707106781187,0.707106781187,-0.));
#1286 = DIRECTION('',(-0.707106781187,0.707106781187,0.));
#1287 = CYLINDRICAL_SURFACE('',#1288,2.);
#1288 = AXIS2_PLACEMENT_3D('',#1289,#1290,#1291);
#1289 = CARTESIAN_POINT('',(-38.5,0.,5.));
#1290 = DIRECTION('',(0.,1.,0.));
#1291 = DIRECTION('',(0.,0.,1.));
#1292 = ADVANCED_FACE('',(#1293),#1304,.F.);
#1293 = FACE_BOUND('',#1294,.F.);
#1294 = EDGE_LOOP('',(#1295,#1296,#1297,#1303));
#1295 = ORIENTED_EDGE('',*,*,#508,.F.);
#1296 = ORIENTED_EDGE('',*,*,#1231,.T.);
#1297 = ORIENTED_EDGE('',*,*,#1298,.T.);
#1298 = EDGE_CURVE('',#1224,#1272,#1299,.T.);
#1299 = LINE('',#1300,#1301);
#1300 = CARTESIAN_POINT('',(-43.75,-14.5,5.));
#1301 = VECTOR('',#1302,1.);
#1302 = DIRECTION('',(1.,0.,0.));
#1303 = ORIENTED_EDGE('',*,*,#1281,.F.);
#1304 = CYLINDRICAL_SURFACE('',#1305,2.);
#1305 = AXIS2_PLACEMENT_3D('',#1306,#1307,#1308);
#1306 = CARTESIAN_POINT('',(-43.75,-16.5,5.));
#1307 = DIRECTION('',(1.,0.,0.));
#1308 = DIRECTION('',(0.,0.,-1.));
#1309 = ADVANCED_FACE('',(#1310),#1337,.F.);
#1310 = FACE_BOUND('',#1311,.F.);
#1311 = EDGE_LOOP('',(#1312,#1322,#1329,#1330));
#1312 = ORIENTED_EDGE('',*,*,#1313,.T.);
#1313 = EDGE_CURVE('',#1314,#1316,#1318,.T.);
#1314 = VERTEX_POINT('',#1315);
#1315 = CARTESIAN_POINT('',(-47.,8.5,5.));
#1316 = VERTEX_POINT('',#1317);
#1317 = CARTESIAN_POINT('',(-40.5,8.5,5.));
#1318 = LINE('',#1319,#1320);
#1319 = CARTESIAN_POINT('',(-43.75,8.5,5.));
#1320 = VECTOR('',#1321,1.);
#1321 = DIRECTION('',(1.,0.,0.));
#1322 = ORIENTED_EDGE('',*,*,#1323,.F.);
#1323 = EDGE_CURVE('',#519,#1316,#1324,.T.);
#1324 = ELLIPSE('',#1325,2.828427124746,2.);
#1325 = AXIS2_PLACEMENT_3D('',#1326,#1327,#1328);
#1326 = CARTESIAN_POINT('',(-38.5,6.5,5.));
#1327 = DIRECTION('',(0.707106781187,0.707106781187,-0.));
#1328 = DIRECTION('',(-0.707106781187,0.707106781187,0.));
#1329 = ORIENTED_EDGE('',*,*,#516,.F.);
#1330 = ORIENTED_EDGE('',*,*,#1331,.T.);
#1331 = EDGE_CURVE('',#517,#1314,#1332,.T.);
#1332 = ELLIPSE('',#1333,2.828427124746,2.);
#1333 = AXIS2_PLACEMENT_3D('',#1334,#1335,#1336);
#1334 = CARTESIAN_POINT('',(-49.,6.5,5.));
#1335 = DIRECTION('',(0.707106781187,-0.707106781187,0.));
#1336 = DIRECTION('',(-0.707106781187,-0.707106781187,0.));
#1337 = CYLINDRICAL_SURFACE('',#1338,2.);
#1338 = AXIS2_PLACEMENT_3D('',#1339,#1340,#1341);
#1339 = CARTESIAN_POINT('',(-43.75,6.5,5.));
#1340 = DIRECTION('',(1.,0.,0.));
#1341 = DIRECTION('',(0.,0.,-1.));
#1342 = ADVANCED_FACE('',(#1343),#1362,.F.);
#1343 = FACE_BOUND('',#1344,.F.);
#1344 = EDGE_LOOP('',(#1345,#1353,#1354,#1355));
#1345 = ORIENTED_EDGE('',*,*,#1346,.F.);
#1346 = EDGE_CURVE('',#1314,#1347,#1349,.T.);
#1347 = VERTEX_POINT('',#1348);
#1348 = CARTESIAN_POINT('',(-47.,14.5,5.));
#1349 = LINE('',#1350,#1351);
#1350 = CARTESIAN_POINT('',(-47.,8.5,5.));
#1351 = VECTOR('',#1352,1.);
#1352 = DIRECTION('',(0.,1.,0.));
#1353 = ORIENTED_EDGE('',*,*,#1331,.F.);
#1354 = ORIENTED_EDGE('',*,*,#526,.T.);
#1355 = ORIENTED_EDGE('',*,*,#1356,.T.);
#1356 = EDGE_CURVE('',#527,#1347,#1357,.T.);
#1357 = ELLIPSE('',#1358,2.828427124746,2.);
#1358 = AXIS2_PLACEMENT_3D('',#1359,#1360,#1361);
#1359 = CARTESIAN_POINT('',(-49.,16.5,5.));
#1360 = DIRECTION('',(-0.707106781187,-0.707106781187,0.));
#1361 = DIRECTION('',(0.707106781187,-0.707106781187,0.));
#1362 = CYLINDRICAL_SURFACE('',#1363,2.);
#1363 = AXIS2_PLACEMENT_3D('',#1364,#1365,#1366);
#1364 = CARTESIAN_POINT('',(-49.,0.,5.));
#1365 = DIRECTION('',(0.,-1.,0.));
#1366 = DIRECTION('',(0.,0.,-1.));
#1367 = ADVANCED_FACE('',(#1368),#1387,.F.);
#1368 = FACE_BOUND('',#1369,.F.);
#1369 = EDGE_LOOP('',(#1370,#1378,#1379,#1380));
#1370 = ORIENTED_EDGE('',*,*,#1371,.F.);
#1371 = EDGE_CURVE('',#1347,#1372,#1374,.T.);
#1372 = VERTEX_POINT('',#1373);
#1373 = CARTESIAN_POINT('',(-40.5,14.5,5.));
#1374 = LINE('',#1375,#1376);
#1375 = CARTESIAN_POINT('',(-47.,14.5,5.));
#1376 = VECTOR('',#1377,1.);
#1377 = DIRECTION('',(1.,0.,0.));
#1378 = ORIENTED_EDGE('',*,*,#1356,.F.);
#1379 = ORIENTED_EDGE('',*,*,#534,.T.);
#1380 = ORIENTED_EDGE('',*,*,#1381,.T.);
#1381 = EDGE_CURVE('',#535,#1372,#1382,.T.);
#1382 = ELLIPSE('',#1383,2.828427124746,2.);
#1383 = AXIS2_PLACEMENT_3D('',#1384,#1385,#1386);
#1384 = CARTESIAN_POINT('',(-38.5,16.5,5.));
#1385 = DIRECTION('',(-0.707106781187,0.707106781187,0.));
#1386 = DIRECTION('',(0.707106781187,0.707106781187,0.));
#1387 = CYLINDRICAL_SURFACE('',#1388,2.);
#1388 = AXIS2_PLACEMENT_3D('',#1389,#1390,#1391);
#1389 = CARTESIAN_POINT('',(-6.94E-15,16.5,5.));
#1390 = DIRECTION('',(-1.,0.,0.));
#1391 = DIRECTION('',(0.,0.,1.));
#1392 = ADVANCED_FACE('',(#1393),#1404,.F.);
#1393 = FACE_BOUND('',#1394,.F.);
#1394 = EDGE_LOOP('',(#1395,#1396,#1397,#1403));
#1395 = ORIENTED_EDGE('',*,*,#542,.F.);
#1396 = ORIENTED_EDGE('',*,*,#1323,.T.);
#1397 = ORIENTED_EDGE('',*,*,#1398,.T.);
#1398 = EDGE_CURVE('',#1316,#1372,#1399,.T.);
#1399 = LINE('',#1400,#1401);
#1400 = CARTESIAN_POINT('',(-40.5,11.5,5.));
#1401 = VECTOR('',#1402,1.);
#1402 = DIRECTION('',(0.,1.,0.));
#1403 = ORIENTED_EDGE('',*,*,#1381,.F.);
#1404 = CYLINDRICAL_SURFACE('',#1405,2.);
#1405 = AXIS2_PLACEMENT_3D('',#1406,#1407,#1408);
#1406 = CARTESIAN_POINT('',(-38.5,11.5,5.));
#1407 = DIRECTION('',(0.,1.,0.));
#1408 = DIRECTION('',(0.,0.,1.));
#1409 = ADVANCED_FACE('',(#1410),#1421,.F.);
#1410 = FACE_BOUND('',#1411,.T.);
#1411 = EDGE_LOOP('',(#1412,#1413,#1419,#1420));
#1412 = ORIENTED_EDGE('',*,*,#988,.F.);
#1413 = ORIENTED_EDGE('',*,*,#1414,.T.);
#1414 = EDGE_CURVE('',#980,#570,#1415,.T.);
#1415 = LINE('',#1416,#1417);
#1416 = CARTESIAN_POINT('',(37.,17.5,-22.));
#1417 = VECTOR('',#1418,1.);
#1418 = DIRECTION('',(0.,0.,1.));
#1419 = ORIENTED_EDGE('',*,*,#569,.T.);
#1420 = ORIENTED_EDGE('',*,*,#863,.F.);
#1421 = PLANE('',#1422);
#1422 = AXIS2_PLACEMENT_3D('',#1423,#1424,#1425);
#1423 = CARTESIAN_POINT('',(16.25,17.5,-22.));
#1424 = DIRECTION('',(2.E-16,1.,0.));
#1425 = DIRECTION('',(-1.,2.E-16,0.));
#1426 = ADVANCED_FACE('',(#1427),#1438,.F.);
#1427 = FACE_BOUND('',#1428,.F.);
#1428 = EDGE_LOOP('',(#1429,#1430,#1431,#1437));
#1429 = ORIENTED_EDGE('',*,*,#1414,.T.);
#1430 = ORIENTED_EDGE('',*,*,#577,.F.);
#1431 = ORIENTED_EDGE('',*,*,#1432,.F.);
#1432 = EDGE_CURVE('',#972,#578,#1433,.T.);
#1433 = LINE('',#1434,#1435);
#1434 = CARTESIAN_POINT('',(42.,12.5,-22.));
#1435 = VECTOR('',#1436,1.);
#1436 = DIRECTION('',(0.,0.,1.));
#1437 = ORIENTED_EDGE('',*,*,#979,.T.);
#1438 = CYLINDRICAL_SURFACE('',#1439,5.);
#1439 = AXIS2_PLACEMENT_3D('',#1440,#1441,#1442);
#1440 = CARTESIAN_POINT('',(37.,12.5,-22.));
#1441 = DIRECTION('',(0.,0.,1.));
#1442 = DIRECTION('',(1.,0.,0.));
#1443 = ADVANCED_FACE('',(#1444),#1455,.T.);
#1444 = FACE_BOUND('',#1445,.T.);
#1445 = EDGE_LOOP('',(#1446,#1447,#1453,#1454));
#1446 = ORIENTED_EDGE('',*,*,#971,.T.);
#1447 = ORIENTED_EDGE('',*,*,#1448,.T.);
#1448 = EDGE_CURVE('',#963,#587,#1449,.T.);
#1449 = LINE('',#1450,#1451);
#1450 = CARTESIAN_POINT('',(42.,-12.5,3.));
#1451 = VECTOR('',#1452,1.);
#1452 = DIRECTION('',(0.,0.,1.));
#1453 = ORIENTED_EDGE('',*,*,#586,.F.);
#1454 = ORIENTED_EDGE('',*,*,#1432,.F.);
#1455 = PLANE('',#1456);
#1456 = AXIS2_PLACEMENT_3D('',#1457,#1458,#1459);
#1457 = CARTESIAN_POINT('',(42.,-8.75,-22.));
#1458 = DIRECTION('',(-1.,4.E-16,0.));
#1459 = DIRECTION('',(-4.E-16,-1.,0.));
#1460 = ADVANCED_FACE('',(#1461),#1472,.F.);
#1461 = FACE_BOUND('',#1462,.F.);
#1462 = EDGE_LOOP('',(#1463,#1464,#1465,#1471));
#1463 = ORIENTED_EDGE('',*,*,#1448,.T.);
#1464 = ORIENTED_EDGE('',*,*,#594,.F.);
#1465 = ORIENTED_EDGE('',*,*,#1466,.F.);
#1466 = EDGE_CURVE('',#955,#595,#1467,.T.);
#1467 = LINE('',#1468,#1469);
#1468 = CARTESIAN_POINT('',(37.,-17.5,0.));
#1469 = VECTOR('',#1470,1.);
#1470 = DIRECTION('',(0.,0.,1.));
#1471 = ORIENTED_EDGE('',*,*,#962,.T.);
#1472 = CYLINDRICAL_SURFACE('',#1473,5.);
#1473 = AXIS2_PLACEMENT_3D('',#1474,#1475,#1476);
#1474 = CARTESIAN_POINT('',(37.,-12.5,-22.));
#1475 = DIRECTION('',(0.,0.,-1.));
#1476 = DIRECTION('',(-1.,0.,0.));
#1477 = ADVANCED_FACE('',(#1478),#1534,.T.);
#1478 = FACE_BOUND('',#1479,.T.);
#1479 = EDGE_LOOP('',(#1480,#1481,#1482,#1483,#1491,#1500,#1506,#1507,
    #1508,#1509,#1518,#1527));
#1480 = ORIENTED_EDGE('',*,*,#603,.F.);
#1481 = ORIENTED_EDGE('',*,*,#1466,.F.);
#1482 = ORIENTED_EDGE('',*,*,#954,.T.);
#1483 = ORIENTED_EDGE('',*,*,#1484,.T.);
#1484 = EDGE_CURVE('',#945,#1485,#1487,.T.);
#1485 = VERTEX_POINT('',#1486);
#1486 = CARTESIAN_POINT('',(31.,-17.5,3.));
#1487 = LINE('',#1488,#1489);
#1488 = CARTESIAN_POINT('',(31.,-17.5,-22.));
#1489 = VECTOR('',#1490,1.);
#1490 = DIRECTION('',(0.,0.,1.));
#1491 = ORIENTED_EDGE('',*,*,#1492,.T.);
#1492 = EDGE_CURVE('',#1485,#1493,#1495,.T.);
#1493 = VERTEX_POINT('',#1494);
#1494 = CARTESIAN_POINT('',(26.,-17.5,3.));
#1495 = CIRCLE('',#1496,2.5);
#1496 = AXIS2_PLACEMENT_3D('',#1497,#1498,#1499);
#1497 = CARTESIAN_POINT('',(28.5,-17.5,3.));
#1498 = DIRECTION('',(-2.E-16,-1.,-0.));
#1499 = DIRECTION('',(-1.,2.E-16,0.));
#1500 = ORIENTED_EDGE('',*,*,#1501,.F.);
#1501 = EDGE_CURVE('',#1006,#1493,#1502,.T.);
#1502 = LINE('',#1503,#1504);
#1503 = CARTESIAN_POINT('',(26.,-17.5,-22.));
#1504 = VECTOR('',#1505,1.);
#1505 = DIRECTION('',(0.,0.,1.));
#1506 = ORIENTED_EDGE('',*,*,#1005,.T.);
#1507 = ORIENTED_EDGE('',*,*,#1092,.T.);
#1508 = ORIENTED_EDGE('',*,*,#831,.F.);
#1509 = ORIENTED_EDGE('',*,*,#1510,.F.);
#1510 = EDGE_CURVE('',#1511,#824,#1513,.T.);
#1511 = VERTEX_POINT('',#1512);
#1512 = CARTESIAN_POINT('',(24.218313388782,-17.5,4.384615384615));
#1513 = CIRCLE('',#1514,2.);
#1514 = AXIS2_PLACEMENT_3D('',#1515,#1516,#1517);
#1515 = CARTESIAN_POINT('',(22.315341561573,-17.5,5.));
#1516 = DIRECTION('',(2.E-16,1.,-0.));
#1517 = DIRECTION('',(-1.,2.E-16,0.));
#1518 = ORIENTED_EDGE('',*,*,#1519,.T.);
#1519 = EDGE_CURVE('',#1511,#1520,#1522,.T.);
#1520 = VERTEX_POINT('',#1521);
#1521 = CARTESIAN_POINT('',(32.781686611218,-17.5,4.384615384615));
#1522 = CIRCLE('',#1523,4.5);
#1523 = AXIS2_PLACEMENT_3D('',#1524,#1525,#1526);
#1524 = CARTESIAN_POINT('',(28.5,-17.5,3.));
#1525 = DIRECTION('',(2.E-16,1.,-0.));
#1526 = DIRECTION('',(-1.,2.E-16,0.));
#1527 = ORIENTED_EDGE('',*,*,#1528,.F.);
#1528 = EDGE_CURVE('',#604,#1520,#1529,.T.);
#1529 = CIRCLE('',#1530,2.);
#1530 = AXIS2_PLACEMENT_3D('',#1531,#1532,#1533);
#1531 = CARTESIAN_POINT('',(34.684658438426,-17.5,5.));
#1532 = DIRECTION('',(2.E-16,1.,-0.));
#1533 = DIRECTION('',(-1.,2.E-16,0.));
#1534 = PLANE('',#1535);
#1535 = AXIS2_PLACEMENT_3D('',#1536,#1537,#1538);
#1536 = CARTESIAN_POINT('',(16.25,-17.5,-22.));
#1537 = DIRECTION('',(2.E-16,1.,0.));
#1538 = DIRECTION('',(-1.,2.E-16,0.));
#1539 = ADVANCED_FACE('',(#1540),#1559,.F.);
#1540 = FACE_BOUND('',#1541,.F.);
#1541 = EDGE_LOOP('',(#1542,#1550,#1551,#1552));
#1542 = ORIENTED_EDGE('',*,*,#1543,.T.);
#1543 = EDGE_CURVE('',#1544,#1520,#1546,.T.);
#1544 = VERTEX_POINT('',#1545);
#1545 = CARTESIAN_POINT('',(32.781686611218,-25.32261982396,
    4.384615384615));
#1546 = LINE('',#1547,#1548);
#1547 = CARTESIAN_POINT('',(32.781686611218,-25.39718444143,
    4.384615384615));
#1548 = VECTOR('',#1549,1.);
#1549 = DIRECTION('',(2.E-16,1.,0.));
#1550 = ORIENTED_EDGE('',*,*,#1528,.F.);
#1551 = ORIENTED_EDGE('',*,*,#611,.T.);
#1552 = ORIENTED_EDGE('',*,*,#1553,.F.);
#1553 = EDGE_CURVE('',#1544,#612,#1554,.T.);
#1554 = ELLIPSE('',#1555,2.002744691996,2.);
#1555 = AXIS2_PLACEMENT_3D('',#1556,#1557,#1558);
#1556 = CARTESIAN_POINT('',(34.684658438426,-25.29036888286,5.));
#1557 = DIRECTION('',(0.,-0.998629534755,5.233595624294E-02));
#1558 = DIRECTION('',(3.86E-15,5.233595624294E-02,0.998629534755));
#1559 = CYLINDRICAL_SURFACE('',#1560,2.);
#1560 = AXIS2_PLACEMENT_3D('',#1561,#1562,#1563);
#1561 = CARTESIAN_POINT('',(34.684658438426,-25.39718444143,5.));
#1562 = DIRECTION('',(2.E-16,1.,0.));
#1563 = DIRECTION('',(-1.,2.E-16,0.));
#1564 = ADVANCED_FACE('',(#1565),#1648,.T.);
#1565 = FACE_BOUND('',#1566,.T.);
#1566 = EDGE_LOOP('',(#1567,#1577,#1586,#1594,#1602,#1608,#1609,#1610,
    #1619,#1626,#1627,#1633,#1634,#1642));
#1567 = ORIENTED_EDGE('',*,*,#1568,.F.);
#1568 = EDGE_CURVE('',#1569,#1571,#1573,.T.);
#1569 = VERTEX_POINT('',#1570);
#1570 = CARTESIAN_POINT('',(26.,-25.39518444143,3.));
#1571 = VERTEX_POINT('',#1572);
#1572 = CARTESIAN_POINT('',(26.,-25.5,1.));
#1573 = LINE('',#1574,#1575);
#1574 = CARTESIAN_POINT('',(26.,-25.5,1.));
#1575 = VECTOR('',#1576,1.);
#1576 = DIRECTION('',(2.E-17,-5.233595624294E-02,-0.998629534755));
#1577 = ORIENTED_EDGE('',*,*,#1578,.F.);
#1578 = EDGE_CURVE('',#1579,#1569,#1581,.T.);
#1579 = VERTEX_POINT('',#1580);
#1580 = CARTESIAN_POINT('',(31.,-25.39518444143,3.));
#1581 = ELLIPSE('',#1582,2.503430864995,2.5);
#1582 = AXIS2_PLACEMENT_3D('',#1583,#1584,#1585);
#1583 = CARTESIAN_POINT('',(28.5,-25.39518444143,3.));
#1584 = DIRECTION('',(0.,-0.998629534755,5.233595624294E-02));
#1585 = DIRECTION('',(3.86E-15,5.233595624294E-02,0.998629534755));
#1586 = ORIENTED_EDGE('',*,*,#1587,.T.);
#1587 = EDGE_CURVE('',#1579,#1588,#1590,.T.);
#1588 = VERTEX_POINT('',#1589);
#1589 = CARTESIAN_POINT('',(31.,-25.5,1.));
#1590 = LINE('',#1591,#1592);
#1591 = CARTESIAN_POINT('',(31.,-25.5,1.));
#1592 = VECTOR('',#1593,1.);
#1593 = DIRECTION('',(2.E-17,-5.233595624294E-02,-0.998629534755));
#1594 = ORIENTED_EDGE('',*,*,#1595,.F.);
#1595 = EDGE_CURVE('',#1596,#1588,#1598,.T.);
#1596 = VERTEX_POINT('',#1597);
#1597 = CARTESIAN_POINT('',(50.,-25.5,1.));
#1598 = LINE('',#1599,#1600);
#1599 = CARTESIAN_POINT('',(0.,-25.5,1.));
#1600 = VECTOR('',#1601,1.);
#1601 = DIRECTION('',(-1.,0.,0.));
#1602 = ORIENTED_EDGE('',*,*,#1603,.T.);
#1603 = EDGE_CURVE('',#1596,#620,#1604,.T.);
#1604 = LINE('',#1605,#1606);
#1605 = CARTESIAN_POINT('',(49.863421479919,-25.36342147991,
    3.606073410282));
#1606 = VECTOR('',#1607,1.);
#1607 = DIRECTION('',(-5.226442768871E-02,5.226442768871E-02,
    0.997264688634));
#1608 = ORIENTED_EDGE('',*,*,#619,.T.);
#1609 = ORIENTED_EDGE('',*,*,#1553,.F.);
#1610 = ORIENTED_EDGE('',*,*,#1611,.T.);
#1611 = EDGE_CURVE('',#1544,#1612,#1614,.T.);
#1612 = VERTEX_POINT('',#1613);
#1613 = CARTESIAN_POINT('',(24.218313388782,-25.32261982396,
    4.384615384615));
#1614 = ELLIPSE('',#1615,4.506175556991,4.5);
#1615 = AXIS2_PLACEMENT_3D('',#1616,#1617,#1618);
#1616 = CARTESIAN_POINT('',(28.5,-25.39518444143,3.));
#1617 = DIRECTION('',(0.,-0.998629534755,5.233595624294E-02));
#1618 = DIRECTION('',(3.86E-15,5.233595624294E-02,0.998629534755));
#1619 = ORIENTED_EDGE('',*,*,#1620,.F.);
#1620 = EDGE_CURVE('',#816,#1612,#1621,.T.);
#1621 = ELLIPSE('',#1622,2.002744691996,2.);
#1622 = AXIS2_PLACEMENT_3D('',#1623,#1624,#1625);
#1623 = CARTESIAN_POINT('',(22.315341561573,-25.29036888286,5.));
#1624 = DIRECTION('',(0.,-0.998629534755,5.233595624294E-02));
#1625 = DIRECTION('',(3.86E-15,5.233595624294E-02,0.998629534755));
#1626 = ORIENTED_EDGE('',*,*,#815,.T.);
#1627 = ORIENTED_EDGE('',*,*,#1628,.T.);
#1628 = EDGE_CURVE('',#808,#764,#1629,.T.);
#1629 = LINE('',#1630,#1631);
#1630 = CARTESIAN_POINT('',(0.,-25.39518444143,3.));
#1631 = VECTOR('',#1632,1.);
#1632 = DIRECTION('',(-1.,0.,0.));
#1633 = ORIENTED_EDGE('',*,*,#763,.T.);
#1634 = ORIENTED_EDGE('',*,*,#1635,.T.);
#1635 = EDGE_CURVE('',#756,#1636,#1638,.T.);
#1636 = VERTEX_POINT('',#1637);
#1637 = CARTESIAN_POINT('',(-50.,-25.5,1.));
#1638 = LINE('',#1639,#1640);
#1639 = CARTESIAN_POINT('',(-49.86342147991,-25.36342147991,
    3.606073410282));
#1640 = VECTOR('',#1641,1.);
#1641 = DIRECTION('',(-5.226442768871E-02,-5.226442768871E-02,
    -0.997264688634));
#1642 = ORIENTED_EDGE('',*,*,#1643,.F.);
#1643 = EDGE_CURVE('',#1571,#1636,#1644,.T.);
#1644 = LINE('',#1645,#1646);
#1645 = CARTESIAN_POINT('',(0.,-25.5,1.));
#1646 = VECTOR('',#1647,1.);
#1647 = DIRECTION('',(-1.,0.,0.));
#1648 = PLANE('',#1649);
#1649 = AXIS2_PLACEMENT_3D('',#1650,#1651,#1652);
#1650 = CARTESIAN_POINT('',(0.,-25.5,1.));
#1651 = DIRECTION('',(0.,-0.998629534755,5.233595624294E-02));
#1652 = DIRECTION('',(0.,5.233595624294E-02,0.998629534755));
#1653 = ADVANCED_FACE('',(#1654),#1672,.T.);
#1654 = FACE_BOUND('',#1655,.T.);
#1655 = EDGE_LOOP('',(#1656,#1664,#1670,#1671));
#1656 = ORIENTED_EDGE('',*,*,#1657,.F.);
#1657 = EDGE_CURVE('',#1658,#1596,#1660,.T.);
#1658 = VERTEX_POINT('',#1659);
#1659 = CARTESIAN_POINT('',(50.,25.5,1.));
#1660 = LINE('',#1661,#1662);
#1661 = CARTESIAN_POINT('',(50.,-25.5,1.));
#1662 = VECTOR('',#1663,1.);
#1663 = DIRECTION('',(0.,-1.,0.));
#1664 = ORIENTED_EDGE('',*,*,#1665,.F.);
#1665 = EDGE_CURVE('',#628,#1658,#1666,.T.);
#1666 = LINE('',#1667,#1668);
#1667 = CARTESIAN_POINT('',(49.863421479919,25.363421479919,
    3.606073410282));
#1668 = VECTOR('',#1669,1.);
#1669 = DIRECTION('',(5.226442768871E-02,5.226442768871E-02,
    -0.997264688634));
#1670 = ORIENTED_EDGE('',*,*,#627,.T.);
#1671 = ORIENTED_EDGE('',*,*,#1603,.F.);
#1672 = PLANE('',#1673);
#1673 = AXIS2_PLACEMENT_3D('',#1674,#1675,#1676);
#1674 = CARTESIAN_POINT('',(50.,-25.5,1.));
#1675 = DIRECTION('',(0.998629534755,0.,5.233595624294E-02));
#1676 = DIRECTION('',(-5.233595624294E-02,0.,0.998629534755));
#1677 = ADVANCED_FACE('',(#1678),#1733,.T.);
#1678 = FACE_BOUND('',#1679,.T.);
#1679 = EDGE_LOOP('',(#1680,#1688,#1694,#1695,#1703,#1711,#1717,#1718,
    #1724,#1725,#1731,#1732));
#1680 = ORIENTED_EDGE('',*,*,#1681,.F.);
#1681 = EDGE_CURVE('',#1682,#1658,#1684,.T.);
#1682 = VERTEX_POINT('',#1683);
#1683 = CARTESIAN_POINT('',(-50.,25.5,1.));
#1684 = LINE('',#1685,#1686);
#1685 = CARTESIAN_POINT('',(0.,25.5,1.));
#1686 = VECTOR('',#1687,1.);
#1687 = DIRECTION('',(1.,0.,0.));
#1688 = ORIENTED_EDGE('',*,*,#1689,.T.);
#1689 = EDGE_CURVE('',#1682,#748,#1690,.T.);
#1690 = LINE('',#1691,#1692);
#1691 = CARTESIAN_POINT('',(-49.86342147991,25.363421479919,
    3.606073410282));
#1692 = VECTOR('',#1693,1.);
#1693 = DIRECTION('',(5.226442768871E-02,-5.226442768871E-02,
    0.997264688634));
#1694 = ORIENTED_EDGE('',*,*,#747,.T.);
#1695 = ORIENTED_EDGE('',*,*,#1696,.T.);
#1696 = EDGE_CURVE('',#740,#1697,#1699,.T.);
#1697 = VERTEX_POINT('',#1698);
#1698 = CARTESIAN_POINT('',(-35.64031242374,25.395184441434,3.));
#1699 = LINE('',#1700,#1701);
#1700 = CARTESIAN_POINT('',(-35.,25.395184441434,3.));
#1701 = VECTOR('',#1702,1.);
#1702 = DIRECTION('',(1.,0.,0.));
#1703 = ORIENTED_EDGE('',*,*,#1704,.T.);
#1704 = EDGE_CURVE('',#1697,#1705,#1707,.T.);
#1705 = VERTEX_POINT('',#1706);
#1706 = CARTESIAN_POINT('',(-34.35968757625,25.395184441434,3.));
#1707 = LINE('',#1708,#1709);
#1708 = CARTESIAN_POINT('',(-35.,25.395184441434,3.));
#1709 = VECTOR('',#1710,1.);
#1710 = DIRECTION('',(1.,0.,0.));
#1711 = ORIENTED_EDGE('',*,*,#1712,.T.);
#1712 = EDGE_CURVE('',#1705,#700,#1713,.T.);
#1713 = LINE('',#1714,#1715);
#1714 = CARTESIAN_POINT('',(-35.,25.395184441434,3.));
#1715 = VECTOR('',#1716,1.);
#1716 = DIRECTION('',(1.,0.,0.));
#1717 = ORIENTED_EDGE('',*,*,#699,.T.);
#1718 = ORIENTED_EDGE('',*,*,#1719,.T.);
#1719 = EDGE_CURVE('',#692,#668,#1720,.T.);
#1720 = LINE('',#1721,#1722);
#1721 = CARTESIAN_POINT('',(0.,25.395184441434,3.));
#1722 = VECTOR('',#1723,1.);
#1723 = DIRECTION('',(1.,0.,0.));
#1724 = ORIENTED_EDGE('',*,*,#667,.T.);
#1725 = ORIENTED_EDGE('',*,*,#1726,.T.);
#1726 = EDGE_CURVE('',#660,#636,#1727,.T.);
#1727 = LINE('',#1728,#1729);
#1728 = CARTESIAN_POINT('',(0.,25.395184441434,3.));
#1729 = VECTOR('',#1730,1.);
#1730 = DIRECTION('',(1.,0.,0.));
#1731 = ORIENTED_EDGE('',*,*,#635,.T.);
#1732 = ORIENTED_EDGE('',*,*,#1665,.T.);
#1733 = PLANE('',#1734);
#1734 = AXIS2_PLACEMENT_3D('',#1735,#1736,#1737);
#1735 = CARTESIAN_POINT('',(0.,25.5,1.));
#1736 = DIRECTION('',(0.,0.998629534755,5.233595624294E-02));
#1737 = DIRECTION('',(0.,-5.233595624294E-02,0.998629534755));
#1738 = ADVANCED_FACE('',(#1739),#1766,.F.);
#1739 = FACE_BOUND('',#1740,.F.);
#1740 = EDGE_LOOP('',(#1741,#1742,#1751,#1759));
#1741 = ORIENTED_EDGE('',*,*,#643,.T.);
#1742 = ORIENTED_EDGE('',*,*,#1743,.T.);
#1743 = EDGE_CURVE('',#644,#1744,#1746,.T.);
#1744 = VERTEX_POINT('',#1745);
#1745 = CARTESIAN_POINT('',(40.,22.395184441434,4.));
#1746 = CIRCLE('',#1747,1.);
#1747 = AXIS2_PLACEMENT_3D('',#1748,#1749,#1750);
#1748 = CARTESIAN_POINT('',(41.,22.395184441434,4.));
#1749 = DIRECTION('',(0.,1.,0.));
#1750 = DIRECTION('',(0.,0.,1.));
#1751 = ORIENTED_EDGE('',*,*,#1752,.F.);
#1752 = EDGE_CURVE('',#1753,#1744,#1755,.T.);
#1753 = VERTEX_POINT('',#1754);
#1754 = CARTESIAN_POINT('',(40.,25.395184441434,4.));
#1755 = LINE('',#1756,#1757);
#1756 = CARTESIAN_POINT('',(40.,25.395184441434,4.));
#1757 = VECTOR('',#1758,1.);
#1758 = DIRECTION('',(0.,-1.,0.));
#1759 = ORIENTED_EDGE('',*,*,#1760,.T.);
#1760 = EDGE_CURVE('',#1753,#636,#1761,.T.);
#1761 = CIRCLE('',#1762,1.);
#1762 = AXIS2_PLACEMENT_3D('',#1763,#1764,#1765);
#1763 = CARTESIAN_POINT('',(41.,25.395184441434,4.));
#1764 = DIRECTION('',(0.,-1.,0.));
#1765 = DIRECTION('',(0.,0.,-1.));
#1766 = CYLINDRICAL_SURFACE('',#1767,1.);
#1767 = AXIS2_PLACEMENT_3D('',#1768,#1769,#1770);
#1768 = CARTESIAN_POINT('',(41.,0.,4.));
#1769 = DIRECTION('',(0.,1.,0.));
#1770 = DIRECTION('',(0.,0.,1.));
#1771 = ADVANCED_FACE('',(#1772),#1833,.F.);
#1772 = FACE_BOUND('',#1773,.T.);
#1773 = EDGE_LOOP('',(#1774,#1775,#1782,#1783,#1784,#1792,#1801,#1809,
    #1818,#1826));
#1774 = ORIENTED_EDGE('',*,*,#683,.T.);
#1775 = ORIENTED_EDGE('',*,*,#1776,.T.);
#1776 = EDGE_CURVE('',#676,#652,#1777,.T.);
#1777 = CIRCLE('',#1778,2.1);
#1778 = AXIS2_PLACEMENT_3D('',#1779,#1780,#1781);
#1779 = CARTESIAN_POINT('',(35.,22.395184441434,5.));
#1780 = DIRECTION('',(0.,1.,0.));
#1781 = DIRECTION('',(0.,0.,1.));
#1782 = ORIENTED_EDGE('',*,*,#651,.T.);
#1783 = ORIENTED_EDGE('',*,*,#1743,.T.);
#1784 = ORIENTED_EDGE('',*,*,#1785,.F.);
#1785 = EDGE_CURVE('',#1786,#1744,#1788,.T.);
#1786 = VERTEX_POINT('',#1787);
#1787 = CARTESIAN_POINT('',(40.,22.395184441434,5.5));
#1788 = LINE('',#1789,#1790);
#1789 = CARTESIAN_POINT('',(40.,22.395184441434,8.5));
#1790 = VECTOR('',#1791,1.);
#1791 = DIRECTION('',(0.,0.,-1.));
#1792 = ORIENTED_EDGE('',*,*,#1793,.F.);
#1793 = EDGE_CURVE('',#1794,#1786,#1796,.T.);
#1794 = VERTEX_POINT('',#1795);
#1795 = CARTESIAN_POINT('',(37.,22.395184441434,8.5));
#1796 = CIRCLE('',#1797,3.);
#1797 = AXIS2_PLACEMENT_3D('',#1798,#1799,#1800);
#1798 = CARTESIAN_POINT('',(37.,22.395184441434,5.5));
#1799 = DIRECTION('',(0.,1.,0.));
#1800 = DIRECTION('',(0.,0.,1.));
#1801 = ORIENTED_EDGE('',*,*,#1802,.F.);
#1802 = EDGE_CURVE('',#1803,#1794,#1805,.T.);
#1803 = VERTEX_POINT('',#1804);
#1804 = CARTESIAN_POINT('',(33.,22.395184441434,8.5));
#1805 = LINE('',#1806,#1807);
#1806 = CARTESIAN_POINT('',(35.,22.395184441434,8.5));
#1807 = VECTOR('',#1808,1.);
#1808 = DIRECTION('',(1.,0.,0.));
#1809 = ORIENTED_EDGE('',*,*,#1810,.F.);
#1810 = EDGE_CURVE('',#1811,#1803,#1813,.T.);
#1811 = VERTEX_POINT('',#1812);
#1812 = CARTESIAN_POINT('',(30.,22.395184441434,5.5));
#1813 = CIRCLE('',#1814,3.);
#1814 = AXIS2_PLACEMENT_3D('',#1815,#1816,#1817);
#1815 = CARTESIAN_POINT('',(33.,22.395184441434,5.5));
#1816 = DIRECTION('',(0.,1.,0.));
#1817 = DIRECTION('',(0.,0.,1.));
#1818 = ORIENTED_EDGE('',*,*,#1819,.T.);
#1819 = EDGE_CURVE('',#1811,#1820,#1822,.T.);
#1820 = VERTEX_POINT('',#1821);
#1821 = CARTESIAN_POINT('',(30.,22.395184441434,4.));
#1822 = LINE('',#1823,#1824);
#1823 = CARTESIAN_POINT('',(30.,22.395184441434,8.5));
#1824 = VECTOR('',#1825,1.);
#1825 = DIRECTION('',(0.,0.,-1.));
#1826 = ORIENTED_EDGE('',*,*,#1827,.T.);
#1827 = EDGE_CURVE('',#1820,#684,#1828,.T.);
#1828 = CIRCLE('',#1829,1.);
#1829 = AXIS2_PLACEMENT_3D('',#1830,#1831,#1832);
#1830 = CARTESIAN_POINT('',(29.,22.395184441434,4.));
#1831 = DIRECTION('',(0.,1.,0.));
#1832 = DIRECTION('',(0.,0.,1.));
#1833 = PLANE('',#1834);
#1834 = AXIS2_PLACEMENT_3D('',#1835,#1836,#1837);
#1835 = CARTESIAN_POINT('',(35.,22.395184441434,8.5));
#1836 = DIRECTION('',(0.,1.,0.));
#1837 = DIRECTION('',(0.,0.,1.));
#1838 = ADVANCED_FACE('',(#1839),#1851,.F.);
#1839 = FACE_BOUND('',#1840,.F.);
#1840 = EDGE_LOOP('',(#1841,#1842,#1849,#1850));
#1841 = ORIENTED_EDGE('',*,*,#659,.T.);
#1842 = ORIENTED_EDGE('',*,*,#1843,.F.);
#1843 = EDGE_CURVE('',#668,#660,#1844,.T.);
#1844 = CIRCLE('',#1845,2.1);
#1845 = AXIS2_PLACEMENT_3D('',#1846,#1847,#1848);
#1846 = CARTESIAN_POINT('',(35.,25.395184441434,5.));
#1847 = DIRECTION('',(0.,1.,0.));
#1848 = DIRECTION('',(0.,0.,1.));
#1849 = ORIENTED_EDGE('',*,*,#675,.F.);
#1850 = ORIENTED_EDGE('',*,*,#1776,.T.);
#1851 = CYLINDRICAL_SURFACE('',#1852,2.1);
#1852 = AXIS2_PLACEMENT_3D('',#1853,#1854,#1855);
#1853 = CARTESIAN_POINT('',(35.,22.393184441434,5.));
#1854 = DIRECTION('',(0.,1.,0.));
#1855 = DIRECTION('',(0.,0.,1.));
#1856 = ADVANCED_FACE('',(#1857),#1876,.F.);
#1857 = FACE_BOUND('',#1858,.F.);
#1858 = EDGE_LOOP('',(#1859,#1867,#1868,#1869));
#1859 = ORIENTED_EDGE('',*,*,#1860,.T.);
#1860 = EDGE_CURVE('',#1861,#1820,#1863,.T.);
#1861 = VERTEX_POINT('',#1862);
#1862 = CARTESIAN_POINT('',(30.,25.395184441434,4.));
#1863 = LINE('',#1864,#1865);
#1864 = CARTESIAN_POINT('',(30.,23.895184441434,4.));
#1865 = VECTOR('',#1866,1.);
#1866 = DIRECTION('',(0.,-1.,0.));
#1867 = ORIENTED_EDGE('',*,*,#1827,.T.);
#1868 = ORIENTED_EDGE('',*,*,#691,.F.);
#1869 = ORIENTED_EDGE('',*,*,#1870,.T.);
#1870 = EDGE_CURVE('',#692,#1861,#1871,.T.);
#1871 = CIRCLE('',#1872,1.);
#1872 = AXIS2_PLACEMENT_3D('',#1873,#1874,#1875);
#1873 = CARTESIAN_POINT('',(29.,25.395184441434,4.));
#1874 = DIRECTION('',(0.,-1.,0.));
#1875 = DIRECTION('',(0.,0.,-1.));
#1876 = CYLINDRICAL_SURFACE('',#1877,1.);
#1877 = AXIS2_PLACEMENT_3D('',#1878,#1879,#1880);
#1878 = CARTESIAN_POINT('',(29.,23.895184441434,4.));
#1879 = DIRECTION('',(0.,-1.,0.));
#1880 = DIRECTION('',(0.,0.,-1.));
#1881 = ADVANCED_FACE('',(#1882),#1909,.F.);
#1882 = FACE_BOUND('',#1883,.F.);
#1883 = EDGE_LOOP('',(#1884,#1885,#1894,#1902));
#1884 = ORIENTED_EDGE('',*,*,#707,.T.);
#1885 = ORIENTED_EDGE('',*,*,#1886,.F.);
#1886 = EDGE_CURVE('',#1887,#708,#1889,.T.);
#1887 = VERTEX_POINT('',#1888);
#1888 = CARTESIAN_POINT('',(-30.,22.395184441434,4.));
#1889 = CIRCLE('',#1890,1.);
#1890 = AXIS2_PLACEMENT_3D('',#1891,#1892,#1893);
#1891 = CARTESIAN_POINT('',(-29.,22.395184441434,4.));
#1892 = DIRECTION('',(0.,-1.,0.));
#1893 = DIRECTION('',(0.,0.,-1.));
#1894 = ORIENTED_EDGE('',*,*,#1895,.F.);
#1895 = EDGE_CURVE('',#1896,#1887,#1898,.T.);
#1896 = VERTEX_POINT('',#1897);
#1897 = CARTESIAN_POINT('',(-30.,25.395184441434,4.));
#1898 = LINE('',#1899,#1900);
#1899 = CARTESIAN_POINT('',(-30.,25.395184441434,4.));
#1900 = VECTOR('',#1901,1.);
#1901 = DIRECTION('',(0.,-1.,0.));
#1902 = ORIENTED_EDGE('',*,*,#1903,.F.);
#1903 = EDGE_CURVE('',#700,#1896,#1904,.T.);
#1904 = CIRCLE('',#1905,1.);
#1905 = AXIS2_PLACEMENT_3D('',#1906,#1907,#1908);
#1906 = CARTESIAN_POINT('',(-29.,25.395184441434,4.));
#1907 = DIRECTION('',(0.,1.,0.));
#1908 = DIRECTION('',(0.,0.,1.));
#1909 = CYLINDRICAL_SURFACE('',#1910,1.);
#1910 = AXIS2_PLACEMENT_3D('',#1911,#1912,#1913);
#1911 = CARTESIAN_POINT('',(-29.,0.,4.));
#1912 = DIRECTION('',(0.,1.,0.));
#1913 = DIRECTION('',(0.,0.,1.));
#1914 = ADVANCED_FACE('',(#1915),#1976,.T.);
#1915 = FACE_BOUND('',#1916,.T.);
#1916 = EDGE_LOOP('',(#1917,#1924,#1925,#1926,#1934,#1943,#1951,#1960,
    #1968,#1975));
#1917 = ORIENTED_EDGE('',*,*,#1918,.F.);
#1918 = EDGE_CURVE('',#716,#724,#1919,.T.);
#1919 = CIRCLE('',#1920,2.1);
#1920 = AXIS2_PLACEMENT_3D('',#1921,#1922,#1923);
#1921 = CARTESIAN_POINT('',(-35.,22.395184441434,5.));
#1922 = DIRECTION('',(0.,-1.,0.));
#1923 = DIRECTION('',(0.,0.,-1.));
#1924 = ORIENTED_EDGE('',*,*,#715,.F.);
#1925 = ORIENTED_EDGE('',*,*,#1886,.F.);
#1926 = ORIENTED_EDGE('',*,*,#1927,.F.);
#1927 = EDGE_CURVE('',#1928,#1887,#1930,.T.);
#1928 = VERTEX_POINT('',#1929);
#1929 = CARTESIAN_POINT('',(-30.,22.395184441434,5.5));
#1930 = LINE('',#1931,#1932);
#1931 = CARTESIAN_POINT('',(-30.,22.395184441434,8.5));
#1932 = VECTOR('',#1933,1.);
#1933 = DIRECTION('',(0.,0.,-1.));
#1934 = ORIENTED_EDGE('',*,*,#1935,.T.);
#1935 = EDGE_CURVE('',#1928,#1936,#1938,.T.);
#1936 = VERTEX_POINT('',#1937);
#1937 = CARTESIAN_POINT('',(-33.,22.395184441434,8.5));
#1938 = CIRCLE('',#1939,3.);
#1939 = AXIS2_PLACEMENT_3D('',#1940,#1941,#1942);
#1940 = CARTESIAN_POINT('',(-33.,22.395184441434,5.5));
#1941 = DIRECTION('',(0.,-1.,0.));
#1942 = DIRECTION('',(0.,0.,-1.));
#1943 = ORIENTED_EDGE('',*,*,#1944,.T.);
#1944 = EDGE_CURVE('',#1936,#1945,#1947,.T.);
#1945 = VERTEX_POINT('',#1946);
#1946 = CARTESIAN_POINT('',(-37.,22.395184441434,8.5));
#1947 = LINE('',#1948,#1949);
#1948 = CARTESIAN_POINT('',(-35.,22.395184441434,8.5));
#1949 = VECTOR('',#1950,1.);
#1950 = DIRECTION('',(-1.,0.,0.));
#1951 = ORIENTED_EDGE('',*,*,#1952,.T.);
#1952 = EDGE_CURVE('',#1945,#1953,#1955,.T.);
#1953 = VERTEX_POINT('',#1954);
#1954 = CARTESIAN_POINT('',(-40.,22.395184441434,5.5));
#1955 = CIRCLE('',#1956,3.);
#1956 = AXIS2_PLACEMENT_3D('',#1957,#1958,#1959);
#1957 = CARTESIAN_POINT('',(-37.,22.395184441434,5.5));
#1958 = DIRECTION('',(0.,-1.,0.));
#1959 = DIRECTION('',(0.,0.,-1.));
#1960 = ORIENTED_EDGE('',*,*,#1961,.T.);
#1961 = EDGE_CURVE('',#1953,#1962,#1964,.T.);
#1962 = VERTEX_POINT('',#1963);
#1963 = CARTESIAN_POINT('',(-40.,22.395184441434,4.));
#1964 = LINE('',#1965,#1966);
#1965 = CARTESIAN_POINT('',(-40.,22.395184441434,8.5));
#1966 = VECTOR('',#1967,1.);
#1967 = DIRECTION('',(0.,0.,-1.));
#1968 = ORIENTED_EDGE('',*,*,#1969,.F.);
#1969 = EDGE_CURVE('',#732,#1962,#1970,.T.);
#1970 = CIRCLE('',#1971,1.);
#1971 = AXIS2_PLACEMENT_3D('',#1972,#1973,#1974);
#1972 = CARTESIAN_POINT('',(-41.,22.395184441434,4.));
#1973 = DIRECTION('',(0.,-1.,0.));
#1974 = DIRECTION('',(0.,0.,-1.));
#1975 = ORIENTED_EDGE('',*,*,#731,.F.);
#1976 = PLANE('',#1977);
#1977 = AXIS2_PLACEMENT_3D('',#1978,#1979,#1980);
#1978 = CARTESIAN_POINT('',(-35.,22.395184441434,8.5));
#1979 = DIRECTION('',(0.,-1.,0.));
#1980 = DIRECTION('',(0.,0.,-1.));
#1981 = ADVANCED_FACE('',(#1982),#1992,.F.);
#1982 = FACE_BOUND('',#1983,.T.);
#1983 = EDGE_LOOP('',(#1984,#1991));
#1984 = ORIENTED_EDGE('',*,*,#1985,.F.);
#1985 = EDGE_CURVE('',#724,#716,#1986,.T.);
#1986 = CIRCLE('',#1987,2.1);
#1987 = AXIS2_PLACEMENT_3D('',#1988,#1989,#1990);
#1988 = CARTESIAN_POINT('',(-35.,22.395184441434,5.));
#1989 = DIRECTION('',(0.,-1.,0.));
#1990 = DIRECTION('',(0.,0.,-1.));
#1991 = ORIENTED_EDGE('',*,*,#723,.F.);
#1992 = PLANE('',#1993);
#1993 = AXIS2_PLACEMENT_3D('',#1994,#1995,#1996);
#1994 = CARTESIAN_POINT('',(-35.,22.395184441434,8.5));
#1995 = DIRECTION('',(0.,-1.,0.));
#1996 = DIRECTION('',(0.,0.,-1.));
#1997 = ADVANCED_FACE('',(#1998),#2017,.F.);
#1998 = FACE_BOUND('',#1999,.F.);
#1999 = EDGE_LOOP('',(#2000,#2008,#2009,#2010));
#2000 = ORIENTED_EDGE('',*,*,#2001,.T.);
#2001 = EDGE_CURVE('',#2002,#1962,#2004,.T.);
#2002 = VERTEX_POINT('',#2003);
#2003 = CARTESIAN_POINT('',(-40.,25.395184441434,4.));
#2004 = LINE('',#2005,#2006);
#2005 = CARTESIAN_POINT('',(-40.,23.895184441434,4.));
#2006 = VECTOR('',#2007,1.);
#2007 = DIRECTION('',(0.,-1.,0.));
#2008 = ORIENTED_EDGE('',*,*,#1969,.F.);
#2009 = ORIENTED_EDGE('',*,*,#739,.F.);
#2010 = ORIENTED_EDGE('',*,*,#2011,.F.);
#2011 = EDGE_CURVE('',#2002,#740,#2012,.T.);
#2012 = CIRCLE('',#2013,1.);
#2013 = AXIS2_PLACEMENT_3D('',#2014,#2015,#2016);
#2014 = CARTESIAN_POINT('',(-41.,25.395184441434,4.));
#2015 = DIRECTION('',(0.,1.,0.));
#2016 = DIRECTION('',(0.,0.,1.));
#2017 = CYLINDRICAL_SURFACE('',#2018,1.);
#2018 = AXIS2_PLACEMENT_3D('',#2019,#2020,#2021);
#2019 = CARTESIAN_POINT('',(-41.,23.895184441434,4.));
#2020 = DIRECTION('',(0.,-1.,0.));
#2021 = DIRECTION('',(0.,0.,-1.));
#2022 = ADVANCED_FACE('',(#2023),#2034,.T.);
#2023 = FACE_BOUND('',#2024,.T.);
#2024 = EDGE_LOOP('',(#2025,#2031,#2032,#2033));
#2025 = ORIENTED_EDGE('',*,*,#2026,.F.);
#2026 = EDGE_CURVE('',#1636,#1682,#2027,.T.);
#2027 = LINE('',#2028,#2029);
#2028 = CARTESIAN_POINT('',(-50.,-25.5,1.));
#2029 = VECTOR('',#2030,1.);
#2030 = DIRECTION('',(0.,1.,0.));
#2031 = ORIENTED_EDGE('',*,*,#1635,.F.);
#2032 = ORIENTED_EDGE('',*,*,#755,.T.);
#2033 = ORIENTED_EDGE('',*,*,#1689,.F.);
#2034 = PLANE('',#2035);
#2035 = AXIS2_PLACEMENT_3D('',#2036,#2037,#2038);
#2036 = CARTESIAN_POINT('',(-50.,-25.5,1.));
#2037 = DIRECTION('',(-0.998629534755,0.,5.233595624294E-02));
#2038 = DIRECTION('',(5.233595624294E-02,0.,0.998629534755));
#2039 = ADVANCED_FACE('',(#2040),#2067,.F.);
#2040 = FACE_BOUND('',#2041,.F.);
#2041 = EDGE_LOOP('',(#2042,#2051,#2052,#2061));
#2042 = ORIENTED_EDGE('',*,*,#2043,.F.);
#2043 = EDGE_CURVE('',#764,#2044,#2046,.T.);
#2044 = VERTEX_POINT('',#2045);
#2045 = CARTESIAN_POINT('',(-4.008281609072,-25.39518444143,
    4.818181818182));
#2046 = CIRCLE('',#2047,2.);
#2047 = AXIS2_PLACEMENT_3D('',#2048,#2049,#2050);
#2048 = CARTESIAN_POINT('',(-6.,-25.39518444143,5.));
#2049 = DIRECTION('',(0.,-1.,0.));
#2050 = DIRECTION('',(0.,0.,-1.));
#2051 = ORIENTED_EDGE('',*,*,#771,.T.);
#2052 = ORIENTED_EDGE('',*,*,#2053,.F.);
#2053 = EDGE_CURVE('',#2054,#772,#2056,.T.);
#2054 = VERTEX_POINT('',#2055);
#2055 = CARTESIAN_POINT('',(-4.008281609072,-21.39518444143,
    4.818181818182));
#2056 = CIRCLE('',#2057,2.);
#2057 = AXIS2_PLACEMENT_3D('',#2058,#2059,#2060);
#2058 = CARTESIAN_POINT('',(-6.,-21.39518444143,5.));
#2059 = DIRECTION('',(0.,1.,0.));
#2060 = DIRECTION('',(0.,0.,1.));
#2061 = ORIENTED_EDGE('',*,*,#2062,.T.);
#2062 = EDGE_CURVE('',#2054,#2044,#2063,.T.);
#2063 = LINE('',#2064,#2065);
#2064 = CARTESIAN_POINT('',(-4.008281609072,1.39E-15,4.818181818182));
#2065 = VECTOR('',#2066,1.);
#2066 = DIRECTION('',(-3.5E-16,-1.,0.));
#2067 = CYLINDRICAL_SURFACE('',#2068,2.);
#2068 = AXIS2_PLACEMENT_3D('',#2069,#2070,#2071);
#2069 = CARTESIAN_POINT('',(-6.,2.08E-15,5.));
#2070 = DIRECTION('',(-3.5E-16,-1.,0.));
#2071 = DIRECTION('',(1.,-3.5E-16,0.));
#2072 = ADVANCED_FACE('',(#2073),#2093,.T.);
#2073 = FACE_BOUND('',#2074,.T.);
#2074 = EDGE_LOOP('',(#2075,#2076,#2077,#2086));
#2075 = ORIENTED_EDGE('',*,*,#779,.T.);
#2076 = ORIENTED_EDGE('',*,*,#2053,.F.);
#2077 = ORIENTED_EDGE('',*,*,#2078,.T.);
#2078 = EDGE_CURVE('',#2054,#2079,#2081,.T.);
#2079 = VERTEX_POINT('',#2080);
#2080 = CARTESIAN_POINT('',(-3.012422413608,-20.39518444143,
    4.727272727273));
#2081 = CIRCLE('',#2082,1.);
#2082 = AXIS2_PLACEMENT_3D('',#2083,#2084,#2085);
#2083 = CARTESIAN_POINT('',(-3.012422413608,-21.39518444143,
    4.727272727273));
#2084 = DIRECTION('',(-9.090909090909E-02,4.E-17,-0.995859195464));
#2085 = DIRECTION('',(-0.995859195464,0.,9.090909090909E-02));
#2086 = ORIENTED_EDGE('',*,*,#2087,.T.);
#2087 = EDGE_CURVE('',#2079,#780,#2088,.T.);
#2088 = CIRCLE('',#2089,3.);
#2089 = AXIS2_PLACEMENT_3D('',#2090,#2091,#2092);
#2090 = CARTESIAN_POINT('',(-6.,-20.39518444143,5.));
#2091 = DIRECTION('',(0.,1.,0.));
#2092 = DIRECTION('',(0.,0.,1.));
#2093 = TOROIDAL_SURFACE('',#2094,3.,1.);
#2094 = AXIS2_PLACEMENT_3D('',#2095,#2096,#2097);
#2095 = CARTESIAN_POINT('',(-6.,-21.39518444143,5.));
#2096 = DIRECTION('',(0.,1.,0.));
#2097 = DIRECTION('',(0.,0.,1.));
#2098 = ADVANCED_FACE('',(#2099,#2136),#2156,.T.);
#2099 = FACE_BOUND('',#2100,.T.);
#2100 = EDGE_LOOP('',(#2101,#2102,#2103,#2112,#2120,#2129));
#2101 = ORIENTED_EDGE('',*,*,#789,.F.);
#2102 = ORIENTED_EDGE('',*,*,#2087,.F.);
#2103 = ORIENTED_EDGE('',*,*,#2104,.T.);
#2104 = EDGE_CURVE('',#2079,#2105,#2107,.T.);
#2105 = VERTEX_POINT('',#2106);
#2106 = CARTESIAN_POINT('',(-0.522774424948,-20.39518444143,7.));
#2107 = CIRCLE('',#2108,2.5);
#2108 = AXIS2_PLACEMENT_3D('',#2109,#2110,#2111);
#2109 = CARTESIAN_POINT('',(-0.522774424948,-20.39518444143,4.5));
#2110 = DIRECTION('',(0.,1.,0.));
#2111 = DIRECTION('',(0.,0.,1.));
#2112 = ORIENTED_EDGE('',*,*,#2113,.T.);
#2113 = EDGE_CURVE('',#2105,#2114,#2116,.T.);
#2114 = VERTEX_POINT('',#2115);
#2115 = CARTESIAN_POINT('',(0.522774424948,-20.39518444143,7.));
#2116 = LINE('',#2117,#2118);
#2117 = CARTESIAN_POINT('',(-2.,-20.39518444143,7.));
#2118 = VECTOR('',#2119,1.);
#2119 = DIRECTION('',(1.,0.,0.));
#2120 = ORIENTED_EDGE('',*,*,#2121,.T.);
#2121 = EDGE_CURVE('',#2114,#2122,#2124,.T.);
#2122 = VERTEX_POINT('',#2123);
#2123 = CARTESIAN_POINT('',(3.012422413608,-20.39518444143,
    4.727272727273));
#2124 = CIRCLE('',#2125,2.5);
#2125 = AXIS2_PLACEMENT_3D('',#2126,#2127,#2128);
#2126 = CARTESIAN_POINT('',(0.522774424948,-20.39518444143,4.5));
#2127 = DIRECTION('',(0.,1.,0.));
#2128 = DIRECTION('',(0.,0.,1.));
#2129 = ORIENTED_EDGE('',*,*,#2130,.F.);
#2130 = EDGE_CURVE('',#790,#2122,#2131,.T.);
#2131 = CIRCLE('',#2132,3.);
#2132 = AXIS2_PLACEMENT_3D('',#2133,#2134,#2135);
#2133 = CARTESIAN_POINT('',(6.,-20.39518444143,5.));
#2134 = DIRECTION('',(0.,1.,0.));
#2135 = DIRECTION('',(0.,0.,1.));
#2136 = FACE_BOUND('',#2137,.T.);
#2137 = EDGE_LOOP('',(#2138,#2149));
#2138 = ORIENTED_EDGE('',*,*,#2139,.F.);
#2139 = EDGE_CURVE('',#2140,#2142,#2144,.T.);
#2140 = VERTEX_POINT('',#2141);
#2141 = CARTESIAN_POINT('',(0.,-20.39518444143,6.5));
#2142 = VERTEX_POINT('',#2143);
#2143 = CARTESIAN_POINT('',(0.,-20.39518444143,3.5));
#2144 = CIRCLE('',#2145,1.5);
#2145 = AXIS2_PLACEMENT_3D('',#2146,#2147,#2148);
#2146 = CARTESIAN_POINT('',(-9.E-17,-20.39518444143,5.));
#2147 = DIRECTION('',(0.,1.,0.));
#2148 = DIRECTION('',(0.,0.,1.));
#2149 = ORIENTED_EDGE('',*,*,#2150,.F.);
#2150 = EDGE_CURVE('',#2142,#2140,#2151,.T.);
#2151 = CIRCLE('',#2152,1.5);
#2152 = AXIS2_PLACEMENT_3D('',#2153,#2154,#2155);
#2153 = CARTESIAN_POINT('',(-9.E-17,-20.39518444143,5.));
#2154 = DIRECTION('',(0.,1.,0.));
#2155 = DIRECTION('',(0.,0.,1.));
#2156 = PLANE('',#2157);
#2157 = AXIS2_PLACEMENT_3D('',#2158,#2159,#2160);
#2158 = CARTESIAN_POINT('',(-2.,-20.39518444143,8.));
#2159 = DIRECTION('',(0.,1.,0.));
#2160 = DIRECTION('',(0.,0.,1.));
#2161 = ADVANCED_FACE('',(#2162),#2182,.T.);
#2162 = FACE_BOUND('',#2163,.T.);
#2163 = EDGE_LOOP('',(#2164,#2165,#2166,#2175));
#2164 = ORIENTED_EDGE('',*,*,#797,.F.);
#2165 = ORIENTED_EDGE('',*,*,#2130,.T.);
#2166 = ORIENTED_EDGE('',*,*,#2167,.F.);
#2167 = EDGE_CURVE('',#2168,#2122,#2170,.T.);
#2168 = VERTEX_POINT('',#2169);
#2169 = CARTESIAN_POINT('',(4.008281609072,-21.39518444143,
    4.818181818182));
#2170 = CIRCLE('',#2171,1.);
#2171 = AXIS2_PLACEMENT_3D('',#2172,#2173,#2174);
#2172 = CARTESIAN_POINT('',(3.012422413608,-21.39518444143,
    4.727272727273));
#2173 = DIRECTION('',(-9.090909090909E-02,0.,0.995859195464));
#2174 = DIRECTION('',(0.995859195464,0.,9.090909090909E-02));
#2175 = ORIENTED_EDGE('',*,*,#2176,.F.);
#2176 = EDGE_CURVE('',#798,#2168,#2177,.T.);
#2177 = CIRCLE('',#2178,2.);
#2178 = AXIS2_PLACEMENT_3D('',#2179,#2180,#2181);
#2179 = CARTESIAN_POINT('',(6.,-21.39518444143,5.));
#2180 = DIRECTION('',(0.,1.,0.));
#2181 = DIRECTION('',(0.,0.,1.));
#2182 = TOROIDAL_SURFACE('',#2183,3.,1.);
#2183 = AXIS2_PLACEMENT_3D('',#2184,#2185,#2186);
#2184 = CARTESIAN_POINT('',(6.,-21.39518444143,5.));
#2185 = DIRECTION('',(0.,1.,0.));
#2186 = DIRECTION('',(0.,0.,1.));
#2187 = ADVANCED_FACE('',(#2188),#2207,.F.);
#2188 = FACE_BOUND('',#2189,.F.);
#2189 = EDGE_LOOP('',(#2190,#2199,#2205,#2206));
#2190 = ORIENTED_EDGE('',*,*,#2191,.F.);
#2191 = EDGE_CURVE('',#2192,#808,#2194,.T.);
#2192 = VERTEX_POINT('',#2193);
#2193 = CARTESIAN_POINT('',(4.008281609072,-25.39518444143,
    4.818181818182));
#2194 = CIRCLE('',#2195,2.);
#2195 = AXIS2_PLACEMENT_3D('',#2196,#2197,#2198);
#2196 = CARTESIAN_POINT('',(6.,-25.39518444143,5.));
#2197 = DIRECTION('',(0.,-1.,0.));
#2198 = DIRECTION('',(0.,0.,-1.));
#2199 = ORIENTED_EDGE('',*,*,#2200,.T.);
#2200 = EDGE_CURVE('',#2192,#2168,#2201,.T.);
#2201 = LINE('',#2202,#2203);
#2202 = CARTESIAN_POINT('',(4.008281609072,-22.89518444143,
    4.818181818182));
#2203 = VECTOR('',#2204,1.);
#2204 = DIRECTION('',(3.5E-16,1.,0.));
#2205 = ORIENTED_EDGE('',*,*,#2176,.F.);
#2206 = ORIENTED_EDGE('',*,*,#807,.F.);
#2207 = CYLINDRICAL_SURFACE('',#2208,2.);
#2208 = AXIS2_PLACEMENT_3D('',#2209,#2210,#2211);
#2209 = CARTESIAN_POINT('',(6.,-22.89518444143,5.));
#2210 = DIRECTION('',(3.5E-16,1.,0.));
#2211 = DIRECTION('',(-1.,3.5E-16,0.));
#2212 = ADVANCED_FACE('',(#2213),#2224,.F.);
#2213 = FACE_BOUND('',#2214,.F.);
#2214 = EDGE_LOOP('',(#2215,#2216,#2217,#2223));
#2215 = ORIENTED_EDGE('',*,*,#823,.F.);
#2216 = ORIENTED_EDGE('',*,*,#1510,.F.);
#2217 = ORIENTED_EDGE('',*,*,#2218,.F.);
#2218 = EDGE_CURVE('',#1612,#1511,#2219,.T.);
#2219 = LINE('',#2220,#2221);
#2220 = CARTESIAN_POINT('',(24.218313388782,-25.39718444143,
    4.384615384615));
#2221 = VECTOR('',#2222,1.);
#2222 = DIRECTION('',(2.E-16,1.,0.));
#2223 = ORIENTED_EDGE('',*,*,#1620,.F.);
#2224 = CYLINDRICAL_SURFACE('',#2225,2.);
#2225 = AXIS2_PLACEMENT_3D('',#2226,#2227,#2228);
#2226 = CARTESIAN_POINT('',(22.315341561573,-25.39718444143,5.));
#2227 = DIRECTION('',(2.E-16,1.,0.));
#2228 = DIRECTION('',(-1.,2.E-16,0.));
#2229 = ADVANCED_FACE('',(#2230),#2241,.T.);
#2230 = FACE_BOUND('',#2231,.T.);
#2231 = EDGE_LOOP('',(#2232,#2233,#2234,#2235));
#2232 = ORIENTED_EDGE('',*,*,#1109,.T.);
#2233 = ORIENTED_EDGE('',*,*,#1078,.T.);
#2234 = ORIENTED_EDGE('',*,*,#886,.T.);
#2235 = ORIENTED_EDGE('',*,*,#2236,.T.);
#2236 = EDGE_CURVE('',#889,#1110,#2237,.T.);
#2237 = LINE('',#2238,#2239);
#2238 = CARTESIAN_POINT('',(-10.6,-5.,10.));
#2239 = VECTOR('',#2240,1.);
#2240 = DIRECTION('',(0.,-1.,0.));
#2241 = PLANE('',#2242);
#2242 = AXIS2_PLACEMENT_3D('',#2243,#2244,#2245);
#2243 = CARTESIAN_POINT('',(-31.53012205049,-10.21771663681,10.));
#2244 = DIRECTION('',(0.,0.,1.));
#2245 = DIRECTION('',(1.,0.,0.));
#2246 = ADVANCED_FACE('',(#2247),#2258,.T.);
#2247 = FACE_BOUND('',#2248,.T.);
#2248 = EDGE_LOOP('',(#2249,#2250,#2256,#2257));
#2249 = ORIENTED_EDGE('',*,*,#929,.T.);
#2250 = ORIENTED_EDGE('',*,*,#2251,.T.);
#2251 = EDGE_CURVE('',#922,#1118,#2252,.T.);
#2252 = LINE('',#2253,#2254);
#2253 = CARTESIAN_POINT('',(-11.4,-5.,9.2));
#2254 = VECTOR('',#2255,1.);
#2255 = DIRECTION('',(0.,-1.,0.));
#2256 = ORIENTED_EDGE('',*,*,#1117,.F.);
#2257 = ORIENTED_EDGE('',*,*,#2236,.F.);
#2258 = CYLINDRICAL_SURFACE('',#2259,0.8);
#2259 = AXIS2_PLACEMENT_3D('',#2260,#2261,#2262);
#2260 = CARTESIAN_POINT('',(-10.6,-5.,9.2));
#2261 = DIRECTION('',(0.,-1.,0.));
#2262 = DIRECTION('',(0.,0.,1.));
#2263 = ADVANCED_FACE('',(#2264),#2275,.F.);
#2264 = FACE_BOUND('',#2265,.F.);
#2265 = EDGE_LOOP('',(#2266,#2267,#2268,#2269));
#2266 = ORIENTED_EDGE('',*,*,#921,.T.);
#2267 = ORIENTED_EDGE('',*,*,#2251,.T.);
#2268 = ORIENTED_EDGE('',*,*,#1126,.F.);
#2269 = ORIENTED_EDGE('',*,*,#2270,.F.);
#2270 = EDGE_CURVE('',#914,#1127,#2271,.T.);
#2271 = LINE('',#2272,#2273);
#2272 = CARTESIAN_POINT('',(-11.4,-5.,9.));
#2273 = VECTOR('',#2274,1.);
#2274 = DIRECTION('',(0.,-1.,0.));
#2275 = PLANE('',#2276);
#2276 = AXIS2_PLACEMENT_3D('',#2277,#2278,#2279);
#2277 = CARTESIAN_POINT('',(-11.4,-5.,9.));
#2278 = DIRECTION('',(1.,0.,0.));
#2279 = DIRECTION('',(0.,-1.,0.));
#2280 = ADVANCED_FACE('',(#2281),#2287,.F.);
#2281 = FACE_BOUND('',#2282,.F.);
#2282 = EDGE_LOOP('',(#2283,#2284,#2285,#2286));
#2283 = ORIENTED_EDGE('',*,*,#913,.T.);
#2284 = ORIENTED_EDGE('',*,*,#2270,.T.);
#2285 = ORIENTED_EDGE('',*,*,#1134,.T.);
#2286 = ORIENTED_EDGE('',*,*,#1198,.T.);
#2287 = PLANE('',#2288);
#2288 = AXIS2_PLACEMENT_3D('',#2289,#2290,#2291);
#2289 = CARTESIAN_POINT('',(-31.53012205049,-10.21771663681,9.));
#2290 = DIRECTION('',(0.,0.,1.));
#2291 = DIRECTION('',(1.,0.,0.));
#2292 = ADVANCED_FACE('',(#2293),#2318,.T.);
#2293 = FACE_BOUND('',#2294,.T.);
#2294 = EDGE_LOOP('',(#2295,#2296,#2304,#2310,#2311,#2317));
#2295 = ORIENTED_EDGE('',*,*,#944,.T.);
#2296 = ORIENTED_EDGE('',*,*,#2297,.T.);
#2297 = EDGE_CURVE('',#947,#2298,#2300,.T.);
#2298 = VERTEX_POINT('',#2299);
#2299 = CARTESIAN_POINT('',(31.,-26.5,1.));
#2300 = LINE('',#2301,#2302);
#2301 = CARTESIAN_POINT('',(31.,-26.5,-22.));
#2302 = VECTOR('',#2303,1.);
#2303 = DIRECTION('',(0.,0.,1.));
#2304 = ORIENTED_EDGE('',*,*,#2305,.F.);
#2305 = EDGE_CURVE('',#1588,#2298,#2306,.T.);
#2306 = LINE('',#2307,#2308);
#2307 = CARTESIAN_POINT('',(31.,1.195E-14,1.));
#2308 = VECTOR('',#2309,1.);
#2309 = DIRECTION('',(3.9E-16,-1.,0.));
#2310 = ORIENTED_EDGE('',*,*,#1587,.F.);
#2311 = ORIENTED_EDGE('',*,*,#2312,.F.);
#2312 = EDGE_CURVE('',#1485,#1579,#2313,.T.);
#2313 = LINE('',#2314,#2315);
#2314 = CARTESIAN_POINT('',(31.,-22.,3.));
#2315 = VECTOR('',#2316,1.);
#2316 = DIRECTION('',(3.9E-16,-1.,0.));
#2317 = ORIENTED_EDGE('',*,*,#1484,.F.);
#2318 = PLANE('',#2319);
#2319 = AXIS2_PLACEMENT_3D('',#2320,#2321,#2322);
#2320 = CARTESIAN_POINT('',(31.,-22.,-22.));
#2321 = DIRECTION('',(-1.,-3.9E-16,0.));
#2322 = DIRECTION('',(3.9E-16,-1.,0.));
#2323 = ADVANCED_FACE('',(#2324),#2349,.F.);
#2324 = FACE_BOUND('',#2325,.T.);
#2325 = EDGE_LOOP('',(#2326,#2327,#2333,#2334,#2342,#2348));
#2326 = ORIENTED_EDGE('',*,*,#1501,.T.);
#2327 = ORIENTED_EDGE('',*,*,#2328,.T.);
#2328 = EDGE_CURVE('',#1493,#1569,#2329,.T.);
#2329 = LINE('',#2330,#2331);
#2330 = CARTESIAN_POINT('',(26.,-22.,3.));
#2331 = VECTOR('',#2332,1.);
#2332 = DIRECTION('',(3.9E-16,-1.,0.));
#2333 = ORIENTED_EDGE('',*,*,#1568,.T.);
#2334 = ORIENTED_EDGE('',*,*,#2335,.T.);
#2335 = EDGE_CURVE('',#1571,#2336,#2338,.T.);
#2336 = VERTEX_POINT('',#2337);
#2337 = CARTESIAN_POINT('',(26.,-26.5,1.));
#2338 = LINE('',#2339,#2340);
#2339 = CARTESIAN_POINT('',(26.,1.002E-14,1.));
#2340 = VECTOR('',#2341,1.);
#2341 = DIRECTION('',(3.9E-16,-1.,0.));
#2342 = ORIENTED_EDGE('',*,*,#2343,.F.);
#2343 = EDGE_CURVE('',#1014,#2336,#2344,.T.);
#2344 = LINE('',#2345,#2346);
#2345 = CARTESIAN_POINT('',(26.,-26.5,-22.));
#2346 = VECTOR('',#2347,1.);
#2347 = DIRECTION('',(0.,0.,1.));
#2348 = ORIENTED_EDGE('',*,*,#1013,.F.);
#2349 = PLANE('',#2350);
#2350 = AXIS2_PLACEMENT_3D('',#2351,#2352,#2353);
#2351 = CARTESIAN_POINT('',(26.,-22.,-22.));
#2352 = DIRECTION('',(-1.,-3.9E-16,0.));
#2353 = DIRECTION('',(3.9E-16,-1.,0.));
#2354 = ADVANCED_FACE('',(#2355),#2373,.F.);
#2355 = FACE_BOUND('',#2356,.T.);
#2356 = EDGE_LOOP('',(#2357,#2358,#2359,#2367));
#2357 = ORIENTED_EDGE('',*,*,#1021,.T.);
#2358 = ORIENTED_EDGE('',*,*,#2343,.T.);
#2359 = ORIENTED_EDGE('',*,*,#2360,.F.);
#2360 = EDGE_CURVE('',#2361,#2336,#2363,.T.);
#2361 = VERTEX_POINT('',#2362);
#2362 = CARTESIAN_POINT('',(-51.,-26.5,1.));
#2363 = LINE('',#2364,#2365);
#2364 = CARTESIAN_POINT('',(0.,-26.5,1.));
#2365 = VECTOR('',#2366,1.);
#2366 = DIRECTION('',(1.,0.,0.));
#2367 = ORIENTED_EDGE('',*,*,#2368,.T.);
#2368 = EDGE_CURVE('',#2361,#1022,#2369,.T.);
#2369 = LINE('',#2370,#2371);
#2370 = CARTESIAN_POINT('',(-51.,-26.5,1.));
#2371 = VECTOR('',#2372,1.);
#2372 = DIRECTION('',(0.,0.,-1.));
#2373 = PLANE('',#2374);
#2374 = AXIS2_PLACEMENT_3D('',#2375,#2376,#2377);
#2375 = CARTESIAN_POINT('',(0.,-26.5,1.));
#2376 = DIRECTION('',(0.,1.,0.));
#2377 = DIRECTION('',(0.,0.,1.));
#2378 = ADVANCED_FACE('',(#2379),#2397,.T.);
#2379 = FACE_BOUND('',#2380,.T.);
#2380 = EDGE_LOOP('',(#2381,#2382,#2383,#2391));
#2381 = ORIENTED_EDGE('',*,*,#1029,.F.);
#2382 = ORIENTED_EDGE('',*,*,#2368,.F.);
#2383 = ORIENTED_EDGE('',*,*,#2384,.T.);
#2384 = EDGE_CURVE('',#2361,#2385,#2387,.T.);
#2385 = VERTEX_POINT('',#2386);
#2386 = CARTESIAN_POINT('',(-51.,26.5,1.));
#2387 = LINE('',#2388,#2389);
#2388 = CARTESIAN_POINT('',(-51.,-1.73E-15,1.));
#2389 = VECTOR('',#2390,1.);
#2390 = DIRECTION('',(-1.3E-16,1.,0.));
#2391 = ORIENTED_EDGE('',*,*,#2392,.T.);
#2392 = EDGE_CURVE('',#2385,#1030,#2393,.T.);
#2393 = LINE('',#2394,#2395);
#2394 = CARTESIAN_POINT('',(-51.,26.5,1.));
#2395 = VECTOR('',#2396,1.);
#2396 = DIRECTION('',(0.,0.,-1.));
#2397 = PLANE('',#2398);
#2398 = AXIS2_PLACEMENT_3D('',#2399,#2400,#2401);
#2399 = CARTESIAN_POINT('',(-51.,-1.73E-15,1.));
#2400 = DIRECTION('',(-1.,-1.3E-16,0.));
#2401 = DIRECTION('',(1.3E-16,-1.,0.));
#2402 = ADVANCED_FACE('',(#2403),#2421,.T.);
#2403 = FACE_BOUND('',#2404,.T.);
#2404 = EDGE_LOOP('',(#2405,#2406,#2407,#2415));
#2405 = ORIENTED_EDGE('',*,*,#1037,.F.);
#2406 = ORIENTED_EDGE('',*,*,#2392,.F.);
#2407 = ORIENTED_EDGE('',*,*,#2408,.T.);
#2408 = EDGE_CURVE('',#2385,#2409,#2411,.T.);
#2409 = VERTEX_POINT('',#2410);
#2410 = CARTESIAN_POINT('',(51.,26.5,1.));
#2411 = LINE('',#2412,#2413);
#2412 = CARTESIAN_POINT('',(-1.388E-14,26.5,1.));
#2413 = VECTOR('',#2414,1.);
#2414 = DIRECTION('',(1.,0.,0.));
#2415 = ORIENTED_EDGE('',*,*,#2416,.T.);
#2416 = EDGE_CURVE('',#2409,#1038,#2417,.T.);
#2417 = LINE('',#2418,#2419);
#2418 = CARTESIAN_POINT('',(51.,26.5,1.));
#2419 = VECTOR('',#2420,1.);
#2420 = DIRECTION('',(0.,0.,-1.));
#2421 = PLANE('',#2422);
#2422 = AXIS2_PLACEMENT_3D('',#2423,#2424,#2425);
#2423 = CARTESIAN_POINT('',(-1.388E-14,26.5,1.));
#2424 = DIRECTION('',(0.,1.,0.));
#2425 = DIRECTION('',(0.,0.,1.));
#2426 = ADVANCED_FACE('',(#2427),#2445,.F.);
#2427 = FACE_BOUND('',#2428,.T.);
#2428 = EDGE_LOOP('',(#2429,#2430,#2431,#2439));
#2429 = ORIENTED_EDGE('',*,*,#1045,.T.);
#2430 = ORIENTED_EDGE('',*,*,#2416,.F.);
#2431 = ORIENTED_EDGE('',*,*,#2432,.F.);
#2432 = EDGE_CURVE('',#2433,#2409,#2435,.T.);
#2433 = VERTEX_POINT('',#2434);
#2434 = CARTESIAN_POINT('',(51.,-26.5,1.));
#2435 = LINE('',#2436,#2437);
#2436 = CARTESIAN_POINT('',(51.,0.,1.));
#2437 = VECTOR('',#2438,1.);
#2438 = DIRECTION('',(-1.3E-16,1.,0.));
#2439 = ORIENTED_EDGE('',*,*,#2440,.T.);
#2440 = EDGE_CURVE('',#2433,#1046,#2441,.T.);
#2441 = LINE('',#2442,#2443);
#2442 = CARTESIAN_POINT('',(51.,-26.5,1.));
#2443 = VECTOR('',#2444,1.);
#2444 = DIRECTION('',(0.,0.,-1.));
#2445 = PLANE('',#2446);
#2446 = AXIS2_PLACEMENT_3D('',#2447,#2448,#2449);
#2447 = CARTESIAN_POINT('',(51.,0.,1.));
#2448 = DIRECTION('',(-1.,-1.3E-16,0.));
#2449 = DIRECTION('',(1.3E-16,-1.,0.));
#2450 = ADVANCED_FACE('',(#2451),#2462,.F.);
#2451 = FACE_BOUND('',#2452,.T.);
#2452 = EDGE_LOOP('',(#2453,#2454,#2455,#2456));
#2453 = ORIENTED_EDGE('',*,*,#2297,.F.);
#2454 = ORIENTED_EDGE('',*,*,#1053,.T.);
#2455 = ORIENTED_EDGE('',*,*,#2440,.F.);
#2456 = ORIENTED_EDGE('',*,*,#2457,.F.);
#2457 = EDGE_CURVE('',#2298,#2433,#2458,.T.);
#2458 = LINE('',#2459,#2460);
#2459 = CARTESIAN_POINT('',(0.,-26.5,1.));
#2460 = VECTOR('',#2461,1.);
#2461 = DIRECTION('',(1.,0.,0.));
#2462 = PLANE('',#2463);
#2463 = AXIS2_PLACEMENT_3D('',#2464,#2465,#2466);
#2464 = CARTESIAN_POINT('',(0.,-26.5,1.));
#2465 = DIRECTION('',(0.,1.,0.));
#2466 = DIRECTION('',(0.,0.,1.));
#2467 = ADVANCED_FACE('',(#2468),#2493,.T.);
#2468 = FACE_BOUND('',#2469,.T.);
#2469 = EDGE_LOOP('',(#2470,#2478,#2486,#2492));
#2470 = ORIENTED_EDGE('',*,*,#2471,.F.);
#2471 = EDGE_CURVE('',#2472,#1224,#2474,.T.);
#2472 = VERTEX_POINT('',#2473);
#2473 = CARTESIAN_POINT('',(-47.,-14.5,9.));
#2474 = LINE('',#2475,#2476);
#2475 = CARTESIAN_POINT('',(-47.,-14.5,7.));
#2476 = VECTOR('',#2477,1.);
#2477 = DIRECTION('',(0.,0.,-1.));
#2478 = ORIENTED_EDGE('',*,*,#2479,.F.);
#2479 = EDGE_CURVE('',#2480,#2472,#2482,.T.);
#2480 = VERTEX_POINT('',#2481);
#2481 = CARTESIAN_POINT('',(-47.,-8.5,9.));
#2482 = LINE('',#2483,#2484);
#2483 = CARTESIAN_POINT('',(-47.,-8.5,9.));
#2484 = VECTOR('',#2485,1.);
#2485 = DIRECTION('',(0.,-1.,0.));
#2486 = ORIENTED_EDGE('',*,*,#2487,.F.);
#2487 = EDGE_CURVE('',#1215,#2480,#2488,.T.);
#2488 = LINE('',#2489,#2490);
#2489 = CARTESIAN_POINT('',(-47.,-8.5,9.));
#2490 = VECTOR('',#2491,1.);
#2491 = DIRECTION('',(0.,0.,1.));
#2492 = ORIENTED_EDGE('',*,*,#1223,.T.);
#2493 = PLANE('',#2494);
#2494 = AXIS2_PLACEMENT_3D('',#2495,#2496,#2497);
#2495 = CARTESIAN_POINT('',(-47.,-11.5,7.5));
#2496 = DIRECTION('',(-1.,-0.,-0.));
#2497 = DIRECTION('',(0.,0.,-1.));
#2498 = ADVANCED_FACE('',(#2499),#2558,.T.);
#2499 = FACE_BOUND('',#2500,.T.);
#2500 = EDGE_LOOP('',(#2501,#2502,#2511,#2519,#2527,#2535,#2543,#2551,
    #2557));
#2501 = ORIENTED_EDGE('',*,*,#2487,.T.);
#2502 = ORIENTED_EDGE('',*,*,#2503,.T.);
#2503 = EDGE_CURVE('',#2480,#2504,#2506,.T.);
#2504 = VERTEX_POINT('',#2505);
#2505 = CARTESIAN_POINT('',(-46.,-8.5,10.));
#2506 = CIRCLE('',#2507,1.);
#2507 = AXIS2_PLACEMENT_3D('',#2508,#2509,#2510);
#2508 = CARTESIAN_POINT('',(-46.,-8.5,9.));
#2509 = DIRECTION('',(0.,1.,0.));
#2510 = DIRECTION('',(0.,0.,-1.));
#2511 = ORIENTED_EDGE('',*,*,#2512,.T.);
#2512 = EDGE_CURVE('',#2504,#2513,#2515,.T.);
#2513 = VERTEX_POINT('',#2514);
#2514 = CARTESIAN_POINT('',(-44.5,-8.5,10.));
#2515 = LINE('',#2516,#2517);
#2516 = CARTESIAN_POINT('',(-45.5,-8.5,10.));
#2517 = VECTOR('',#2518,1.);
#2518 = DIRECTION('',(1.,0.,0.));
#2519 = ORIENTED_EDGE('',*,*,#2520,.F.);
#2520 = EDGE_CURVE('',#2521,#2513,#2523,.T.);
#2521 = VERTEX_POINT('',#2522);
#2522 = CARTESIAN_POINT('',(-44.5,-8.5,9.));
#2523 = LINE('',#2524,#2525);
#2524 = CARTESIAN_POINT('',(-44.5,-8.5,9.));
#2525 = VECTOR('',#2526,1.);
#2526 = DIRECTION('',(0.,0.,1.));
#2527 = ORIENTED_EDGE('',*,*,#2528,.T.);
#2528 = EDGE_CURVE('',#2521,#2529,#2531,.T.);
#2529 = VERTEX_POINT('',#2530);
#2530 = CARTESIAN_POINT('',(-45.5,-8.5,9.));
#2531 = LINE('',#2532,#2533);
#2532 = CARTESIAN_POINT('',(-45.5,-8.5,9.));
#2533 = VECTOR('',#2534,1.);
#2534 = DIRECTION('',(-1.,0.,0.));
#2535 = ORIENTED_EDGE('',*,*,#2536,.T.);
#2536 = EDGE_CURVE('',#2529,#2537,#2539,.T.);
#2537 = VERTEX_POINT('',#2538);
#2538 = CARTESIAN_POINT('',(-45.5,-8.5,7.));
#2539 = LINE('',#2540,#2541);
#2540 = CARTESIAN_POINT('',(-45.5,-8.5,9.));
#2541 = VECTOR('',#2542,1.);
#2542 = DIRECTION('',(0.,0.,-1.));
#2543 = ORIENTED_EDGE('',*,*,#2544,.T.);
#2544 = EDGE_CURVE('',#2537,#2545,#2547,.T.);
#2545 = VERTEX_POINT('',#2546);
#2546 = CARTESIAN_POINT('',(-40.5,-8.5,7.));
#2547 = LINE('',#2548,#2549);
#2548 = CARTESIAN_POINT('',(-43.75,-8.5,7.));
#2549 = VECTOR('',#2550,1.);
#2550 = DIRECTION('',(1.,0.,0.));
#2551 = ORIENTED_EDGE('',*,*,#2552,.T.);
#2552 = EDGE_CURVE('',#2545,#1248,#2553,.T.);
#2553 = LINE('',#2554,#2555);
#2554 = CARTESIAN_POINT('',(-40.5,-8.5,7.));
#2555 = VECTOR('',#2556,1.);
#2556 = DIRECTION('',(0.,0.,-1.));
#2557 = ORIENTED_EDGE('',*,*,#1256,.F.);
#2558 = PLANE('',#2559);
#2559 = AXIS2_PLACEMENT_3D('',#2560,#2561,#2562);
#2560 = CARTESIAN_POINT('',(-44.41,-8.5,7.06));
#2561 = DIRECTION('',(0.,1.,0.));
#2562 = DIRECTION('',(0.,0.,1.));
#2563 = ADVANCED_FACE('',(#2564),#2615,.T.);
#2564 = FACE_BOUND('',#2565,.T.);
#2565 = EDGE_LOOP('',(#2566,#2576,#2585,#2591,#2592,#2593,#2601,#2609));
#2566 = ORIENTED_EDGE('',*,*,#2567,.F.);
#2567 = EDGE_CURVE('',#2568,#2570,#2572,.T.);
#2568 = VERTEX_POINT('',#2569);
#2569 = CARTESIAN_POINT('',(-40.5,-13.5,10.));
#2570 = VERTEX_POINT('',#2571);
#2571 = CARTESIAN_POINT('',(-40.5,-13.,10.));
#2572 = LINE('',#2573,#2574);
#2573 = CARTESIAN_POINT('',(-40.5,-14.5,10.));
#2574 = VECTOR('',#2575,1.);
#2575 = DIRECTION('',(0.,1.,0.));
#2576 = ORIENTED_EDGE('',*,*,#2577,.F.);
#2577 = EDGE_CURVE('',#2578,#2568,#2580,.T.);
#2578 = VERTEX_POINT('',#2579);
#2579 = CARTESIAN_POINT('',(-40.5,-14.5,9.));
#2580 = CIRCLE('',#2581,1.);
#2581 = AXIS2_PLACEMENT_3D('',#2582,#2583,#2584);
#2582 = CARTESIAN_POINT('',(-40.5,-13.5,9.));
#2583 = DIRECTION('',(-1.,0.,0.));
#2584 = DIRECTION('',(0.,0.,1.));
#2585 = ORIENTED_EDGE('',*,*,#2586,.F.);
#2586 = EDGE_CURVE('',#1272,#2578,#2587,.T.);
#2587 = LINE('',#2588,#2589);
#2588 = CARTESIAN_POINT('',(-40.5,-14.5,9.));
#2589 = VECTOR('',#2590,1.);
#2590 = DIRECTION('',(0.,0.,1.));
#2591 = ORIENTED_EDGE('',*,*,#1271,.F.);
#2592 = ORIENTED_EDGE('',*,*,#2552,.F.);
#2593 = ORIENTED_EDGE('',*,*,#2594,.T.);
#2594 = EDGE_CURVE('',#2545,#2595,#2597,.T.);
#2595 = VERTEX_POINT('',#2596);
#2596 = CARTESIAN_POINT('',(-40.5,-13.,7.));
#2597 = LINE('',#2598,#2599);
#2598 = CARTESIAN_POINT('',(-40.5,-11.5,7.));
#2599 = VECTOR('',#2600,1.);
#2600 = DIRECTION('',(0.,-1.,0.));
#2601 = ORIENTED_EDGE('',*,*,#2602,.F.);
#2602 = EDGE_CURVE('',#2603,#2595,#2605,.T.);
#2603 = VERTEX_POINT('',#2604);
#2604 = CARTESIAN_POINT('',(-40.5,-13.,9.));
#2605 = LINE('',#2606,#2607);
#2606 = CARTESIAN_POINT('',(-40.5,-13.,9.));
#2607 = VECTOR('',#2608,1.);
#2608 = DIRECTION('',(0.,0.,-1.));
#2609 = ORIENTED_EDGE('',*,*,#2610,.T.);
#2610 = EDGE_CURVE('',#2603,#2570,#2611,.T.);
#2611 = LINE('',#2612,#2613);
#2612 = CARTESIAN_POINT('',(-40.5,-13.,9.));
#2613 = VECTOR('',#2614,1.);
#2614 = DIRECTION('',(0.,0.,1.));
#2615 = PLANE('',#2616);
#2616 = AXIS2_PLACEMENT_3D('',#2617,#2618,#2619);
#2617 = CARTESIAN_POINT('',(-40.5,-12.11363636363,6.886363636364));
#2618 = DIRECTION('',(1.,0.,0.));
#2619 = DIRECTION('',(0.,0.,1.));
#2620 = ADVANCED_FACE('',(#2621),#2632,.T.);
#2621 = FACE_BOUND('',#2622,.T.);
#2622 = EDGE_LOOP('',(#2623,#2624,#2625,#2626));
#2623 = ORIENTED_EDGE('',*,*,#2471,.T.);
#2624 = ORIENTED_EDGE('',*,*,#1298,.T.);
#2625 = ORIENTED_EDGE('',*,*,#2586,.T.);
#2626 = ORIENTED_EDGE('',*,*,#2627,.F.);
#2627 = EDGE_CURVE('',#2472,#2578,#2628,.T.);
#2628 = LINE('',#2629,#2630);
#2629 = CARTESIAN_POINT('',(-47.,-14.5,9.));
#2630 = VECTOR('',#2631,1.);
#2631 = DIRECTION('',(1.,0.,0.));
#2632 = PLANE('',#2633);
#2633 = AXIS2_PLACEMENT_3D('',#2634,#2635,#2636);
#2634 = CARTESIAN_POINT('',(-43.75,-14.5,7.5));
#2635 = DIRECTION('',(-0.,-1.,-0.));
#2636 = DIRECTION('',(0.,0.,-1.));
#2637 = ADVANCED_FACE('',(#2638),#2704,.T.);
#2638 = FACE_BOUND('',#2639,.T.);
#2639 = EDGE_LOOP('',(#2640,#2648,#2649,#2657,#2665,#2673,#2681,#2689,
    #2697));
#2640 = ORIENTED_EDGE('',*,*,#2641,.T.);
#2641 = EDGE_CURVE('',#2642,#1314,#2644,.T.);
#2642 = VERTEX_POINT('',#2643);
#2643 = CARTESIAN_POINT('',(-47.,8.5,9.));
#2644 = LINE('',#2645,#2646);
#2645 = CARTESIAN_POINT('',(-47.,8.5,7.));
#2646 = VECTOR('',#2647,1.);
#2647 = DIRECTION('',(0.,0.,-1.));
#2648 = ORIENTED_EDGE('',*,*,#1313,.T.);
#2649 = ORIENTED_EDGE('',*,*,#2650,.F.);
#2650 = EDGE_CURVE('',#2651,#1316,#2653,.T.);
#2651 = VERTEX_POINT('',#2652);
#2652 = CARTESIAN_POINT('',(-40.5,8.5,7.));
#2653 = LINE('',#2654,#2655);
#2654 = CARTESIAN_POINT('',(-40.5,8.5,7.));
#2655 = VECTOR('',#2656,1.);
#2656 = DIRECTION('',(0.,0.,-1.));
#2657 = ORIENTED_EDGE('',*,*,#2658,.F.);
#2658 = EDGE_CURVE('',#2659,#2651,#2661,.T.);
#2659 = VERTEX_POINT('',#2660);
#2660 = CARTESIAN_POINT('',(-45.5,8.5,7.));
#2661 = LINE('',#2662,#2663);
#2662 = CARTESIAN_POINT('',(-43.75,8.5,7.));
#2663 = VECTOR('',#2664,1.);
#2664 = DIRECTION('',(1.,0.,0.));
#2665 = ORIENTED_EDGE('',*,*,#2666,.F.);
#2666 = EDGE_CURVE('',#2667,#2659,#2669,.T.);
#2667 = VERTEX_POINT('',#2668);
#2668 = CARTESIAN_POINT('',(-45.5,8.5,9.));
#2669 = LINE('',#2670,#2671);
#2670 = CARTESIAN_POINT('',(-45.5,8.5,9.));
#2671 = VECTOR('',#2672,1.);
#2672 = DIRECTION('',(0.,0.,-1.));
#2673 = ORIENTED_EDGE('',*,*,#2674,.F.);
#2674 = EDGE_CURVE('',#2675,#2667,#2677,.T.);
#2675 = VERTEX_POINT('',#2676);
#2676 = CARTESIAN_POINT('',(-44.5,8.5,9.));
#2677 = LINE('',#2678,#2679);
#2678 = CARTESIAN_POINT('',(-45.5,8.5,9.));
#2679 = VECTOR('',#2680,1.);
#2680 = DIRECTION('',(-1.,-0.,-0.));
#2681 = ORIENTED_EDGE('',*,*,#2682,.T.);
#2682 = EDGE_CURVE('',#2675,#2683,#2685,.T.);
#2683 = VERTEX_POINT('',#2684);
#2684 = CARTESIAN_POINT('',(-44.5,8.5,10.));
#2685 = LINE('',#2686,#2687);
#2686 = CARTESIAN_POINT('',(-44.5,8.5,9.));
#2687 = VECTOR('',#2688,1.);
#2688 = DIRECTION('',(0.,0.,1.));
#2689 = ORIENTED_EDGE('',*,*,#2690,.F.);
#2690 = EDGE_CURVE('',#2691,#2683,#2693,.T.);
#2691 = VERTEX_POINT('',#2692);
#2692 = CARTESIAN_POINT('',(-46.,8.5,10.));
#2693 = LINE('',#2694,#2695);
#2694 = CARTESIAN_POINT('',(-45.5,8.5,10.));
#2695 = VECTOR('',#2696,1.);
#2696 = DIRECTION('',(1.,0.,0.));
#2697 = ORIENTED_EDGE('',*,*,#2698,.F.);
#2698 = EDGE_CURVE('',#2642,#2691,#2699,.T.);
#2699 = CIRCLE('',#2700,1.);
#2700 = AXIS2_PLACEMENT_3D('',#2701,#2702,#2703);
#2701 = CARTESIAN_POINT('',(-46.,8.5,9.));
#2702 = DIRECTION('',(0.,1.,0.));
#2703 = DIRECTION('',(0.,0.,1.));
#2704 = PLANE('',#2705);
#2705 = AXIS2_PLACEMENT_3D('',#2706,#2707,#2708);
#2706 = CARTESIAN_POINT('',(-44.41,8.5,7.06));
#2707 = DIRECTION('',(-0.,-1.,-0.));
#2708 = DIRECTION('',(0.,0.,-1.));
#2709 = ADVANCED_FACE('',(#2710),#2728,.T.);
#2710 = FACE_BOUND('',#2711,.T.);
#2711 = EDGE_LOOP('',(#2712,#2713,#2721,#2727));
#2712 = ORIENTED_EDGE('',*,*,#2641,.F.);
#2713 = ORIENTED_EDGE('',*,*,#2714,.T.);
#2714 = EDGE_CURVE('',#2642,#2715,#2717,.T.);
#2715 = VERTEX_POINT('',#2716);
#2716 = CARTESIAN_POINT('',(-47.,14.5,9.));
#2717 = LINE('',#2718,#2719);
#2718 = CARTESIAN_POINT('',(-47.,8.5,9.));
#2719 = VECTOR('',#2720,1.);
#2720 = DIRECTION('',(0.,1.,0.));
#2721 = ORIENTED_EDGE('',*,*,#2722,.F.);
#2722 = EDGE_CURVE('',#1347,#2715,#2723,.T.);
#2723 = LINE('',#2724,#2725);
#2724 = CARTESIAN_POINT('',(-47.,14.5,9.));
#2725 = VECTOR('',#2726,1.);
#2726 = DIRECTION('',(0.,0.,1.));
#2727 = ORIENTED_EDGE('',*,*,#1346,.F.);
#2728 = PLANE('',#2729);
#2729 = AXIS2_PLACEMENT_3D('',#2730,#2731,#2732);
#2730 = CARTESIAN_POINT('',(-47.,11.5,7.5));
#2731 = DIRECTION('',(-1.,-0.,-0.));
#2732 = DIRECTION('',(0.,0.,-1.));
#2733 = ADVANCED_FACE('',(#2734),#2752,.T.);
#2734 = FACE_BOUND('',#2735,.T.);
#2735 = EDGE_LOOP('',(#2736,#2744,#2745,#2746));
#2736 = ORIENTED_EDGE('',*,*,#2737,.T.);
#2737 = EDGE_CURVE('',#2738,#1372,#2740,.T.);
#2738 = VERTEX_POINT('',#2739);
#2739 = CARTESIAN_POINT('',(-40.5,14.5,9.));
#2740 = LINE('',#2741,#2742);
#2741 = CARTESIAN_POINT('',(-40.5,14.5,7.));
#2742 = VECTOR('',#2743,1.);
#2743 = DIRECTION('',(0.,0.,-1.));
#2744 = ORIENTED_EDGE('',*,*,#1371,.F.);
#2745 = ORIENTED_EDGE('',*,*,#2722,.T.);
#2746 = ORIENTED_EDGE('',*,*,#2747,.T.);
#2747 = EDGE_CURVE('',#2715,#2738,#2748,.T.);
#2748 = LINE('',#2749,#2750);
#2749 = CARTESIAN_POINT('',(-47.,14.5,9.));
#2750 = VECTOR('',#2751,1.);
#2751 = DIRECTION('',(1.,0.,0.));
#2752 = PLANE('',#2753);
#2753 = AXIS2_PLACEMENT_3D('',#2754,#2755,#2756);
#2754 = CARTESIAN_POINT('',(-43.75,14.5,7.5));
#2755 = DIRECTION('',(0.,1.,0.));
#2756 = DIRECTION('',(0.,0.,1.));
#2757 = ADVANCED_FACE('',(#2758),#2802,.T.);
#2758 = FACE_BOUND('',#2759,.T.);
#2759 = EDGE_LOOP('',(#2760,#2761,#2770,#2778,#2786,#2794,#2800,#2801));
#2760 = ORIENTED_EDGE('',*,*,#2737,.F.);
#2761 = ORIENTED_EDGE('',*,*,#2762,.T.);
#2762 = EDGE_CURVE('',#2738,#2763,#2765,.T.);
#2763 = VERTEX_POINT('',#2764);
#2764 = CARTESIAN_POINT('',(-40.5,13.5,10.));
#2765 = CIRCLE('',#2766,1.);
#2766 = AXIS2_PLACEMENT_3D('',#2767,#2768,#2769);
#2767 = CARTESIAN_POINT('',(-40.5,13.5,9.));
#2768 = DIRECTION('',(1.,0.,-0.));
#2769 = DIRECTION('',(0.,0.,1.));
#2770 = ORIENTED_EDGE('',*,*,#2771,.T.);
#2771 = EDGE_CURVE('',#2763,#2772,#2774,.T.);
#2772 = VERTEX_POINT('',#2773);
#2773 = CARTESIAN_POINT('',(-40.5,13.,10.));
#2774 = LINE('',#2775,#2776);
#2775 = CARTESIAN_POINT('',(-40.5,14.5,10.));
#2776 = VECTOR('',#2777,1.);
#2777 = DIRECTION('',(-0.,-1.,-0.));
#2778 = ORIENTED_EDGE('',*,*,#2779,.F.);
#2779 = EDGE_CURVE('',#2780,#2772,#2782,.T.);
#2780 = VERTEX_POINT('',#2781);
#2781 = CARTESIAN_POINT('',(-40.5,13.,9.));
#2782 = LINE('',#2783,#2784);
#2783 = CARTESIAN_POINT('',(-40.5,13.,9.));
#2784 = VECTOR('',#2785,1.);
#2785 = DIRECTION('',(0.,0.,1.));
#2786 = ORIENTED_EDGE('',*,*,#2787,.T.);
#2787 = EDGE_CURVE('',#2780,#2788,#2790,.T.);
#2788 = VERTEX_POINT('',#2789);
#2789 = CARTESIAN_POINT('',(-40.5,13.,7.));
#2790 = LINE('',#2791,#2792);
#2791 = CARTESIAN_POINT('',(-40.5,13.,9.));
#2792 = VECTOR('',#2793,1.);
#2793 = DIRECTION('',(0.,0.,-1.));
#2794 = ORIENTED_EDGE('',*,*,#2795,.F.);
#2795 = EDGE_CURVE('',#2651,#2788,#2796,.T.);
#2796 = LINE('',#2797,#2798);
#2797 = CARTESIAN_POINT('',(-40.5,11.5,7.));
#2798 = VECTOR('',#2799,1.);
#2799 = DIRECTION('',(0.,1.,0.));
#2800 = ORIENTED_EDGE('',*,*,#2650,.T.);
#2801 = ORIENTED_EDGE('',*,*,#1398,.T.);
#2802 = PLANE('',#2803);
#2803 = AXIS2_PLACEMENT_3D('',#2804,#2805,#2806);
#2804 = CARTESIAN_POINT('',(-40.5,12.113636363636,6.886363636364));
#2805 = DIRECTION('',(1.,0.,0.));
#2806 = DIRECTION('',(0.,0.,1.));
#2807 = ADVANCED_FACE('',(#2808),#2814,.F.);
#2808 = FACE_BOUND('',#2809,.F.);
#2809 = EDGE_LOOP('',(#2810,#2811,#2812,#2813));
#2810 = ORIENTED_EDGE('',*,*,#1492,.T.);
#2811 = ORIENTED_EDGE('',*,*,#2328,.T.);
#2812 = ORIENTED_EDGE('',*,*,#1578,.F.);
#2813 = ORIENTED_EDGE('',*,*,#2312,.F.);
#2814 = CYLINDRICAL_SURFACE('',#2815,2.5);
#2815 = AXIS2_PLACEMENT_3D('',#2816,#2817,#2818);
#2816 = CARTESIAN_POINT('',(28.5,-25.39718444143,3.));
#2817 = DIRECTION('',(2.E-16,1.,0.));
#2818 = DIRECTION('',(-1.,2.E-16,0.));
#2819 = ADVANCED_FACE('',(#2820),#2826,.T.);
#2820 = FACE_BOUND('',#2821,.T.);
#2821 = EDGE_LOOP('',(#2822,#2823,#2824,#2825));
#2822 = ORIENTED_EDGE('',*,*,#1611,.F.);
#2823 = ORIENTED_EDGE('',*,*,#1543,.T.);
#2824 = ORIENTED_EDGE('',*,*,#1519,.F.);
#2825 = ORIENTED_EDGE('',*,*,#2218,.F.);
#2826 = CYLINDRICAL_SURFACE('',#2827,4.5);
#2827 = AXIS2_PLACEMENT_3D('',#2828,#2829,#2830);
#2828 = CARTESIAN_POINT('',(28.5,-25.39718444143,3.));
#2829 = DIRECTION('',(2.E-16,1.,0.));
#2830 = DIRECTION('',(-1.,2.E-16,0.));
#2831 = ADVANCED_FACE('',(#2832),#2846,.T.);
#2832 = FACE_BOUND('',#2833,.T.);
#2833 = EDGE_LOOP('',(#2834,#2835,#2836,#2837,#2838,#2839,#2840,#2841,
    #2842,#2843,#2844,#2845));
#2834 = ORIENTED_EDGE('',*,*,#1595,.T.);
#2835 = ORIENTED_EDGE('',*,*,#2305,.T.);
#2836 = ORIENTED_EDGE('',*,*,#2457,.T.);
#2837 = ORIENTED_EDGE('',*,*,#2432,.T.);
#2838 = ORIENTED_EDGE('',*,*,#2408,.F.);
#2839 = ORIENTED_EDGE('',*,*,#2384,.F.);
#2840 = ORIENTED_EDGE('',*,*,#2360,.T.);
#2841 = ORIENTED_EDGE('',*,*,#2335,.F.);
#2842 = ORIENTED_EDGE('',*,*,#1643,.T.);
#2843 = ORIENTED_EDGE('',*,*,#2026,.T.);
#2844 = ORIENTED_EDGE('',*,*,#1681,.T.);
#2845 = ORIENTED_EDGE('',*,*,#1657,.T.);
#2846 = PLANE('',#2847);
#2847 = AXIS2_PLACEMENT_3D('',#2848,#2849,#2850);
#2848 = CARTESIAN_POINT('',(-6.94E-15,0.,1.));
#2849 = DIRECTION('',(0.,0.,1.));
#2850 = DIRECTION('',(1.,0.,0.));
#2851 = ADVANCED_FACE('',(#2852,#2863),#2892,.T.);
#2852 = FACE_BOUND('',#2853,.T.);
#2853 = EDGE_LOOP('',(#2854));
#2854 = ORIENTED_EDGE('',*,*,#2855,.F.);
#2855 = EDGE_CURVE('',#2856,#2856,#2858,.T.);
#2856 = VERTEX_POINT('',#2857);
#2857 = CARTESIAN_POINT('',(0.,-25.39518444143,3.5));
#2858 = CIRCLE('',#2859,1.5);
#2859 = AXIS2_PLACEMENT_3D('',#2860,#2861,#2862);
#2860 = CARTESIAN_POINT('',(-9.E-17,-25.39518444143,5.));
#2861 = DIRECTION('',(0.,-1.,0.));
#2862 = DIRECTION('',(0.,0.,-1.));
#2863 = FACE_BOUND('',#2864,.T.);
#2864 = EDGE_LOOP('',(#2865,#2866,#2875,#2883,#2890,#2891));
#2865 = ORIENTED_EDGE('',*,*,#2191,.F.);
#2866 = ORIENTED_EDGE('',*,*,#2867,.T.);
#2867 = EDGE_CURVE('',#2192,#2868,#2870,.T.);
#2868 = VERTEX_POINT('',#2869);
#2869 = CARTESIAN_POINT('',(0.522774424948,-25.39518444143,8.));
#2870 = CIRCLE('',#2871,3.5);
#2871 = AXIS2_PLACEMENT_3D('',#2872,#2873,#2874);
#2872 = CARTESIAN_POINT('',(0.522774424948,-25.39518444143,4.5));
#2873 = DIRECTION('',(0.,-1.,0.));
#2874 = DIRECTION('',(0.,0.,-1.));
#2875 = ORIENTED_EDGE('',*,*,#2876,.T.);
#2876 = EDGE_CURVE('',#2868,#2877,#2879,.T.);
#2877 = VERTEX_POINT('',#2878);
#2878 = CARTESIAN_POINT('',(-0.522774424948,-25.39518444143,8.));
#2879 = LINE('',#2880,#2881);
#2880 = CARTESIAN_POINT('',(0.,-25.39518444143,8.));
#2881 = VECTOR('',#2882,1.);
#2882 = DIRECTION('',(-1.,0.,0.));
#2883 = ORIENTED_EDGE('',*,*,#2884,.T.);
#2884 = EDGE_CURVE('',#2877,#2044,#2885,.T.);
#2885 = CIRCLE('',#2886,3.5);
#2886 = AXIS2_PLACEMENT_3D('',#2887,#2888,#2889);
#2887 = CARTESIAN_POINT('',(-0.522774424948,-25.39518444143,4.5));
#2888 = DIRECTION('',(0.,-1.,0.));
#2889 = DIRECTION('',(0.,0.,-1.));
#2890 = ORIENTED_EDGE('',*,*,#2043,.F.);
#2891 = ORIENTED_EDGE('',*,*,#1628,.F.);
#2892 = PLANE('',#2893);
#2893 = AXIS2_PLACEMENT_3D('',#2894,#2895,#2896);
#2894 = CARTESIAN_POINT('',(0.,-25.39518444143,8.));
#2895 = DIRECTION('',(0.,-1.,0.));
#2896 = DIRECTION('',(0.,0.,-1.));
#2897 = ADVANCED_FACE('',(#2898),#2951,.T.);
#2898 = FACE_BOUND('',#2899,.T.);
#2899 = EDGE_LOOP('',(#2900,#2901,#2908,#2909,#2910,#2918,#2927,#2935,
    #2944,#2950));
#2900 = ORIENTED_EDGE('',*,*,#1712,.F.);
#2901 = ORIENTED_EDGE('',*,*,#2902,.T.);
#2902 = EDGE_CURVE('',#1705,#1697,#2903,.T.);
#2903 = CIRCLE('',#2904,2.1);
#2904 = AXIS2_PLACEMENT_3D('',#2905,#2906,#2907);
#2905 = CARTESIAN_POINT('',(-35.,25.395184441434,5.));
#2906 = DIRECTION('',(0.,-1.,0.));
#2907 = DIRECTION('',(0.,0.,1.));
#2908 = ORIENTED_EDGE('',*,*,#1696,.F.);
#2909 = ORIENTED_EDGE('',*,*,#2011,.F.);
#2910 = ORIENTED_EDGE('',*,*,#2911,.F.);
#2911 = EDGE_CURVE('',#2912,#2002,#2914,.T.);
#2912 = VERTEX_POINT('',#2913);
#2913 = CARTESIAN_POINT('',(-40.,25.395184441434,5.5));
#2914 = LINE('',#2915,#2916);
#2915 = CARTESIAN_POINT('',(-40.,25.395184441434,8.5));
#2916 = VECTOR('',#2917,1.);
#2917 = DIRECTION('',(0.,0.,-1.));
#2918 = ORIENTED_EDGE('',*,*,#2919,.T.);
#2919 = EDGE_CURVE('',#2912,#2920,#2922,.T.);
#2920 = VERTEX_POINT('',#2921);
#2921 = CARTESIAN_POINT('',(-37.,25.395184441434,8.5));
#2922 = CIRCLE('',#2923,3.);
#2923 = AXIS2_PLACEMENT_3D('',#2924,#2925,#2926);
#2924 = CARTESIAN_POINT('',(-37.,25.395184441434,5.5));
#2925 = DIRECTION('',(0.,1.,0.));
#2926 = DIRECTION('',(0.,0.,1.));
#2927 = ORIENTED_EDGE('',*,*,#2928,.T.);
#2928 = EDGE_CURVE('',#2920,#2929,#2931,.T.);
#2929 = VERTEX_POINT('',#2930);
#2930 = CARTESIAN_POINT('',(-33.,25.395184441434,8.5));
#2931 = LINE('',#2932,#2933);
#2932 = CARTESIAN_POINT('',(-35.,25.395184441434,8.5));
#2933 = VECTOR('',#2934,1.);
#2934 = DIRECTION('',(1.,0.,0.));
#2935 = ORIENTED_EDGE('',*,*,#2936,.T.);
#2936 = EDGE_CURVE('',#2929,#2937,#2939,.T.);
#2937 = VERTEX_POINT('',#2938);
#2938 = CARTESIAN_POINT('',(-30.,25.395184441434,5.5));
#2939 = CIRCLE('',#2940,3.);
#2940 = AXIS2_PLACEMENT_3D('',#2941,#2942,#2943);
#2941 = CARTESIAN_POINT('',(-33.,25.395184441434,5.5));
#2942 = DIRECTION('',(0.,1.,0.));
#2943 = DIRECTION('',(0.,0.,1.));
#2944 = ORIENTED_EDGE('',*,*,#2945,.T.);
#2945 = EDGE_CURVE('',#2937,#1896,#2946,.T.);
#2946 = LINE('',#2947,#2948);
#2947 = CARTESIAN_POINT('',(-30.,25.395184441434,8.5));
#2948 = VECTOR('',#2949,1.);
#2949 = DIRECTION('',(0.,0.,-1.));
#2950 = ORIENTED_EDGE('',*,*,#1903,.F.);
#2951 = PLANE('',#2952);
#2952 = AXIS2_PLACEMENT_3D('',#2953,#2954,#2955);
#2953 = CARTESIAN_POINT('',(-35.,25.395184441434,8.5));
#2954 = DIRECTION('',(0.,1.,0.));
#2955 = DIRECTION('',(0.,0.,1.));
#2956 = ADVANCED_FACE('',(#2957),#2967,.F.);
#2957 = FACE_BOUND('',#2958,.T.);
#2958 = EDGE_LOOP('',(#2959,#2966));
#2959 = ORIENTED_EDGE('',*,*,#2960,.T.);
#2960 = EDGE_CURVE('',#1697,#1705,#2961,.T.);
#2961 = CIRCLE('',#2962,2.1);
#2962 = AXIS2_PLACEMENT_3D('',#2963,#2964,#2965);
#2963 = CARTESIAN_POINT('',(-35.,25.395184441434,5.));
#2964 = DIRECTION('',(0.,-1.,0.));
#2965 = DIRECTION('',(0.,0.,1.));
#2966 = ORIENTED_EDGE('',*,*,#1704,.F.);
#2967 = PLANE('',#2968);
#2968 = AXIS2_PLACEMENT_3D('',#2969,#2970,#2971);
#2969 = CARTESIAN_POINT('',(-35.,25.395184441434,5.));
#2970 = DIRECTION('',(0.,1.,0.));
#2971 = DIRECTION('',(1.,0.,0.));
#2972 = ADVANCED_FACE('',(#2973),#3020,.F.);
#2973 = FACE_BOUND('',#2974,.T.);
#2974 = EDGE_LOOP('',(#2975,#2976,#2977,#2978,#2979,#2987,#2996,#3004,
    #3013,#3019));
#2975 = ORIENTED_EDGE('',*,*,#1726,.F.);
#2976 = ORIENTED_EDGE('',*,*,#1843,.F.);
#2977 = ORIENTED_EDGE('',*,*,#1719,.F.);
#2978 = ORIENTED_EDGE('',*,*,#1870,.T.);
#2979 = ORIENTED_EDGE('',*,*,#2980,.F.);
#2980 = EDGE_CURVE('',#2981,#1861,#2983,.T.);
#2981 = VERTEX_POINT('',#2982);
#2982 = CARTESIAN_POINT('',(30.,25.395184441434,5.5));
#2983 = LINE('',#2984,#2985);
#2984 = CARTESIAN_POINT('',(30.,25.395184441434,8.5));
#2985 = VECTOR('',#2986,1.);
#2986 = DIRECTION('',(0.,0.,-1.));
#2987 = ORIENTED_EDGE('',*,*,#2988,.F.);
#2988 = EDGE_CURVE('',#2989,#2981,#2991,.T.);
#2989 = VERTEX_POINT('',#2990);
#2990 = CARTESIAN_POINT('',(33.,25.395184441434,8.5));
#2991 = CIRCLE('',#2992,3.);
#2992 = AXIS2_PLACEMENT_3D('',#2993,#2994,#2995);
#2993 = CARTESIAN_POINT('',(33.,25.395184441434,5.5));
#2994 = DIRECTION('',(0.,-1.,0.));
#2995 = DIRECTION('',(0.,0.,-1.));
#2996 = ORIENTED_EDGE('',*,*,#2997,.T.);
#2997 = EDGE_CURVE('',#2989,#2998,#3000,.T.);
#2998 = VERTEX_POINT('',#2999);
#2999 = CARTESIAN_POINT('',(37.,25.395184441434,8.5));
#3000 = LINE('',#3001,#3002);
#3001 = CARTESIAN_POINT('',(0.,25.395184441434,8.5));
#3002 = VECTOR('',#3003,1.);
#3003 = DIRECTION('',(1.,0.,0.));
#3004 = ORIENTED_EDGE('',*,*,#3005,.F.);
#3005 = EDGE_CURVE('',#3006,#2998,#3008,.T.);
#3006 = VERTEX_POINT('',#3007);
#3007 = CARTESIAN_POINT('',(40.,25.395184441434,5.5));
#3008 = CIRCLE('',#3009,3.);
#3009 = AXIS2_PLACEMENT_3D('',#3010,#3011,#3012);
#3010 = CARTESIAN_POINT('',(37.,25.395184441434,5.5));
#3011 = DIRECTION('',(0.,-1.,0.));
#3012 = DIRECTION('',(0.,0.,-1.));
#3013 = ORIENTED_EDGE('',*,*,#3014,.T.);
#3014 = EDGE_CURVE('',#3006,#1753,#3015,.T.);
#3015 = LINE('',#3016,#3017);
#3016 = CARTESIAN_POINT('',(40.,25.395184441434,8.5));
#3017 = VECTOR('',#3018,1.);
#3018 = DIRECTION('',(0.,0.,-1.));
#3019 = ORIENTED_EDGE('',*,*,#1760,.T.);
#3020 = PLANE('',#3021);
#3021 = AXIS2_PLACEMENT_3D('',#3022,#3023,#3024);
#3022 = CARTESIAN_POINT('',(0.,25.395184441434,8.5));
#3023 = DIRECTION('',(0.,-1.,0.));
#3024 = DIRECTION('',(0.,0.,-1.));
#3025 = ADVANCED_FACE('',(#3026),#3037,.T.);
#3026 = FACE_BOUND('',#3027,.T.);
#3027 = EDGE_LOOP('',(#3028,#3029,#3035,#3036));
#3028 = ORIENTED_EDGE('',*,*,#3014,.F.);
#3029 = ORIENTED_EDGE('',*,*,#3030,.T.);
#3030 = EDGE_CURVE('',#3006,#1786,#3031,.T.);
#3031 = LINE('',#3032,#3033);
#3032 = CARTESIAN_POINT('',(40.,23.895184441434,5.5));
#3033 = VECTOR('',#3034,1.);
#3034 = DIRECTION('',(0.,-1.,0.));
#3035 = ORIENTED_EDGE('',*,*,#1785,.T.);
#3036 = ORIENTED_EDGE('',*,*,#1752,.F.);
#3037 = PLANE('',#3038);
#3038 = AXIS2_PLACEMENT_3D('',#3039,#3040,#3041);
#3039 = CARTESIAN_POINT('',(40.,23.895184441434,8.5));
#3040 = DIRECTION('',(1.,0.,0.));
#3041 = DIRECTION('',(0.,0.,-1.));
#3042 = ADVANCED_FACE('',(#3043),#3054,.T.);
#3043 = FACE_BOUND('',#3044,.T.);
#3044 = EDGE_LOOP('',(#3045,#3046,#3052,#3053));
#3045 = ORIENTED_EDGE('',*,*,#3005,.T.);
#3046 = ORIENTED_EDGE('',*,*,#3047,.T.);
#3047 = EDGE_CURVE('',#2998,#1794,#3048,.T.);
#3048 = LINE('',#3049,#3050);
#3049 = CARTESIAN_POINT('',(37.,1.212962128705,8.5));
#3050 = VECTOR('',#3051,1.);
#3051 = DIRECTION('',(0.,-1.,0.));
#3052 = ORIENTED_EDGE('',*,*,#1793,.T.);
#3053 = ORIENTED_EDGE('',*,*,#3030,.F.);
#3054 = CYLINDRICAL_SURFACE('',#3055,3.);
#3055 = AXIS2_PLACEMENT_3D('',#3056,#3057,#3058);
#3056 = CARTESIAN_POINT('',(37.,23.895184441434,5.5));
#3057 = DIRECTION('',(0.,-1.,0.));
#3058 = DIRECTION('',(0.,0.,-1.));
#3059 = ADVANCED_FACE('',(#3060),#3071,.T.);
#3060 = FACE_BOUND('',#3061,.T.);
#3061 = EDGE_LOOP('',(#3062,#3063,#3064,#3065));
#3062 = ORIENTED_EDGE('',*,*,#1802,.T.);
#3063 = ORIENTED_EDGE('',*,*,#3047,.F.);
#3064 = ORIENTED_EDGE('',*,*,#2997,.F.);
#3065 = ORIENTED_EDGE('',*,*,#3066,.T.);
#3066 = EDGE_CURVE('',#2989,#1803,#3067,.T.);
#3067 = LINE('',#3068,#3069);
#3068 = CARTESIAN_POINT('',(33.,22.395184441434,8.5));
#3069 = VECTOR('',#3070,1.);
#3070 = DIRECTION('',(0.,-1.,0.));
#3071 = PLANE('',#3072);
#3072 = AXIS2_PLACEMENT_3D('',#3073,#3074,#3075);
#3073 = CARTESIAN_POINT('',(-6.94E-15,1.212962128705,8.5));
#3074 = DIRECTION('',(0.,0.,1.));
#3075 = DIRECTION('',(1.,0.,0.));
#3076 = ADVANCED_FACE('',(#3077),#3088,.T.);
#3077 = FACE_BOUND('',#3078,.T.);
#3078 = EDGE_LOOP('',(#3079,#3080,#3086,#3087));
#3079 = ORIENTED_EDGE('',*,*,#2988,.T.);
#3080 = ORIENTED_EDGE('',*,*,#3081,.T.);
#3081 = EDGE_CURVE('',#2981,#1811,#3082,.T.);
#3082 = LINE('',#3083,#3084);
#3083 = CARTESIAN_POINT('',(30.,25.395184441434,5.5));
#3084 = VECTOR('',#3085,1.);
#3085 = DIRECTION('',(0.,-1.,0.));
#3086 = ORIENTED_EDGE('',*,*,#1810,.T.);
#3087 = ORIENTED_EDGE('',*,*,#3066,.F.);
#3088 = CYLINDRICAL_SURFACE('',#3089,3.);
#3089 = AXIS2_PLACEMENT_3D('',#3090,#3091,#3092);
#3090 = CARTESIAN_POINT('',(33.,1.212962128705,5.5));
#3091 = DIRECTION('',(0.,1.,0.));
#3092 = DIRECTION('',(0.,0.,1.));
#3093 = ADVANCED_FACE('',(#3094),#3100,.F.);
#3094 = FACE_BOUND('',#3095,.T.);
#3095 = EDGE_LOOP('',(#3096,#3097,#3098,#3099));
#3096 = ORIENTED_EDGE('',*,*,#1819,.F.);
#3097 = ORIENTED_EDGE('',*,*,#3081,.F.);
#3098 = ORIENTED_EDGE('',*,*,#2980,.T.);
#3099 = ORIENTED_EDGE('',*,*,#1860,.T.);
#3100 = PLANE('',#3101);
#3101 = AXIS2_PLACEMENT_3D('',#3102,#3103,#3104);
#3102 = CARTESIAN_POINT('',(30.,23.895184441434,8.5));
#3103 = DIRECTION('',(1.,0.,0.));
#3104 = DIRECTION('',(0.,0.,-1.));
#3105 = ADVANCED_FACE('',(#3106),#3117,.T.);
#3106 = FACE_BOUND('',#3107,.T.);
#3107 = EDGE_LOOP('',(#3108,#3109,#3115,#3116));
#3108 = ORIENTED_EDGE('',*,*,#2945,.F.);
#3109 = ORIENTED_EDGE('',*,*,#3110,.T.);
#3110 = EDGE_CURVE('',#2937,#1928,#3111,.T.);
#3111 = LINE('',#3112,#3113);
#3112 = CARTESIAN_POINT('',(-30.,23.895184441434,5.5));
#3113 = VECTOR('',#3114,1.);
#3114 = DIRECTION('',(0.,-1.,0.));
#3115 = ORIENTED_EDGE('',*,*,#1927,.T.);
#3116 = ORIENTED_EDGE('',*,*,#1895,.F.);
#3117 = PLANE('',#3118);
#3118 = AXIS2_PLACEMENT_3D('',#3119,#3120,#3121);
#3119 = CARTESIAN_POINT('',(-30.,23.895184441434,8.5));
#3120 = DIRECTION('',(1.,0.,0.));
#3121 = DIRECTION('',(0.,0.,-1.));
#3122 = ADVANCED_FACE('',(#3123),#3135,.F.);
#3123 = FACE_BOUND('',#3124,.F.);
#3124 = EDGE_LOOP('',(#3125,#3126,#3131,#3132,#3133,#3134));
#3125 = ORIENTED_EDGE('',*,*,#2902,.T.);
#3126 = ORIENTED_EDGE('',*,*,#3127,.F.);
#3127 = EDGE_CURVE('',#724,#1697,#3128,.T.);
#3128 = B_SPLINE_CURVE_WITH_KNOTS('',1,(#3129,#3130),.UNSPECIFIED.,.F.,
  .F.,(2,2),(1.999999999999E-03,3.002),.PIECEWISE_BEZIER_KNOTS.);
#3129 = CARTESIAN_POINT('',(-35.64031242374,22.395184441434,3.));
#3130 = CARTESIAN_POINT('',(-35.64031242374,25.395184441434,3.));
#3131 = ORIENTED_EDGE('',*,*,#1918,.F.);
#3132 = ORIENTED_EDGE('',*,*,#1985,.F.);
#3133 = ORIENTED_EDGE('',*,*,#3127,.T.);
#3134 = ORIENTED_EDGE('',*,*,#2960,.T.);
#3135 = CYLINDRICAL_SURFACE('',#3136,2.1);
#3136 = AXIS2_PLACEMENT_3D('',#3137,#3138,#3139);
#3137 = CARTESIAN_POINT('',(-35.,22.393184441434,5.));
#3138 = DIRECTION('',(0.,1.,0.));
#3139 = DIRECTION('',(0.,0.,1.));
#3140 = ADVANCED_FACE('',(#3141),#3152,.T.);
#3141 = FACE_BOUND('',#3142,.T.);
#3142 = EDGE_LOOP('',(#3143,#3144,#3150,#3151));
#3143 = ORIENTED_EDGE('',*,*,#2936,.F.);
#3144 = ORIENTED_EDGE('',*,*,#3145,.T.);
#3145 = EDGE_CURVE('',#2929,#1936,#3146,.T.);
#3146 = LINE('',#3147,#3148);
#3147 = CARTESIAN_POINT('',(-33.,8.133607916534,8.5));
#3148 = VECTOR('',#3149,1.);
#3149 = DIRECTION('',(0.,-1.,0.));
#3150 = ORIENTED_EDGE('',*,*,#1935,.F.);
#3151 = ORIENTED_EDGE('',*,*,#3110,.F.);
#3152 = CYLINDRICAL_SURFACE('',#3153,3.);
#3153 = AXIS2_PLACEMENT_3D('',#3154,#3155,#3156);
#3154 = CARTESIAN_POINT('',(-33.,23.895184441434,5.5));
#3155 = DIRECTION('',(0.,-1.,0.));
#3156 = DIRECTION('',(0.,0.,-1.));
#3157 = ADVANCED_FACE('',(#3158),#3169,.T.);
#3158 = FACE_BOUND('',#3159,.T.);
#3159 = EDGE_LOOP('',(#3160,#3161,#3167,#3168));
#3160 = ORIENTED_EDGE('',*,*,#2928,.F.);
#3161 = ORIENTED_EDGE('',*,*,#3162,.T.);
#3162 = EDGE_CURVE('',#2920,#1945,#3163,.T.);
#3163 = LINE('',#3164,#3165);
#3164 = CARTESIAN_POINT('',(-37.,22.395184441434,8.5));
#3165 = VECTOR('',#3166,1.);
#3166 = DIRECTION('',(0.,-1.,0.));
#3167 = ORIENTED_EDGE('',*,*,#1944,.F.);
#3168 = ORIENTED_EDGE('',*,*,#3145,.F.);
#3169 = PLANE('',#3170);
#3170 = AXIS2_PLACEMENT_3D('',#3171,#3172,#3173);
#3171 = CARTESIAN_POINT('',(1.388E-14,8.133607916534,8.5));
#3172 = DIRECTION('',(0.,0.,1.));
#3173 = DIRECTION('',(-1.,0.,0.));
#3174 = ADVANCED_FACE('',(#3175),#3186,.T.);
#3175 = FACE_BOUND('',#3176,.T.);
#3176 = EDGE_LOOP('',(#3177,#3178,#3184,#3185));
#3177 = ORIENTED_EDGE('',*,*,#2919,.F.);
#3178 = ORIENTED_EDGE('',*,*,#3179,.T.);
#3179 = EDGE_CURVE('',#2912,#1953,#3180,.T.);
#3180 = LINE('',#3181,#3182);
#3181 = CARTESIAN_POINT('',(-40.,25.395184441434,5.5));
#3182 = VECTOR('',#3183,1.);
#3183 = DIRECTION('',(0.,-1.,0.));
#3184 = ORIENTED_EDGE('',*,*,#1952,.F.);
#3185 = ORIENTED_EDGE('',*,*,#3162,.F.);
#3186 = CYLINDRICAL_SURFACE('',#3187,3.);
#3187 = AXIS2_PLACEMENT_3D('',#3188,#3189,#3190);
#3188 = CARTESIAN_POINT('',(-37.,8.133607916534,5.5));
#3189 = DIRECTION('',(0.,1.,0.));
#3190 = DIRECTION('',(0.,0.,1.));
#3191 = ADVANCED_FACE('',(#3192),#3198,.F.);
#3192 = FACE_BOUND('',#3193,.T.);
#3193 = EDGE_LOOP('',(#3194,#3195,#3196,#3197));
#3194 = ORIENTED_EDGE('',*,*,#1961,.F.);
#3195 = ORIENTED_EDGE('',*,*,#3179,.F.);
#3196 = ORIENTED_EDGE('',*,*,#2911,.T.);
#3197 = ORIENTED_EDGE('',*,*,#2001,.T.);
#3198 = PLANE('',#3199);
#3199 = AXIS2_PLACEMENT_3D('',#3200,#3201,#3202);
#3200 = CARTESIAN_POINT('',(-40.,23.895184441434,8.5));
#3201 = DIRECTION('',(1.,0.,0.));
#3202 = DIRECTION('',(0.,0.,-1.));
#3203 = ADVANCED_FACE('',(#3204),#3223,.T.);
#3204 = FACE_BOUND('',#3205,.T.);
#3205 = EDGE_LOOP('',(#3206,#3214,#3221,#3222));
#3206 = ORIENTED_EDGE('',*,*,#3207,.T.);
#3207 = EDGE_CURVE('',#2877,#3208,#3210,.T.);
#3208 = VERTEX_POINT('',#3209);
#3209 = CARTESIAN_POINT('',(-0.522774424948,-21.39518444143,8.));
#3210 = LINE('',#3211,#3212);
#3211 = CARTESIAN_POINT('',(-0.522774424948,-25.39518444143,8.));
#3212 = VECTOR('',#3213,1.);
#3213 = DIRECTION('',(3.5E-16,1.,0.));
#3214 = ORIENTED_EDGE('',*,*,#3215,.F.);
#3215 = EDGE_CURVE('',#2054,#3208,#3216,.T.);
#3216 = CIRCLE('',#3217,3.5);
#3217 = AXIS2_PLACEMENT_3D('',#3218,#3219,#3220);
#3218 = CARTESIAN_POINT('',(-0.522774424948,-21.39518444143,4.5));
#3219 = DIRECTION('',(0.,1.,0.));
#3220 = DIRECTION('',(0.,0.,1.));
#3221 = ORIENTED_EDGE('',*,*,#2062,.T.);
#3222 = ORIENTED_EDGE('',*,*,#2884,.F.);
#3223 = CYLINDRICAL_SURFACE('',#3224,3.5);
#3224 = AXIS2_PLACEMENT_3D('',#3225,#3226,#3227);
#3225 = CARTESIAN_POINT('',(-0.522774424948,1.8E-16,4.5));
#3226 = DIRECTION('',(-3.5E-16,-1.,0.));
#3227 = DIRECTION('',(1.,-3.5E-16,0.));
#3228 = ADVANCED_FACE('',(#3229),#3241,.T.);
#3229 = FACE_BOUND('',#3230,.T.);
#3230 = EDGE_LOOP('',(#3231,#3238,#3239,#3240));
#3231 = ORIENTED_EDGE('',*,*,#3232,.T.);
#3232 = EDGE_CURVE('',#3208,#2105,#3233,.T.);
#3233 = CIRCLE('',#3234,1.);
#3234 = AXIS2_PLACEMENT_3D('',#3235,#3236,#3237);
#3235 = CARTESIAN_POINT('',(-0.522774424948,-21.39518444143,7.));
#3236 = DIRECTION('',(-1.,0.,0.));
#3237 = DIRECTION('',(0.,0.,1.));
#3238 = ORIENTED_EDGE('',*,*,#2104,.F.);
#3239 = ORIENTED_EDGE('',*,*,#2078,.F.);
#3240 = ORIENTED_EDGE('',*,*,#3215,.T.);
#3241 = TOROIDAL_SURFACE('',#3242,2.5,1.);
#3242 = AXIS2_PLACEMENT_3D('',#3243,#3244,#3245);
#3243 = CARTESIAN_POINT('',(-0.522774424948,-21.39518444143,4.5));
#3244 = DIRECTION('',(0.,1.,0.));
#3245 = DIRECTION('',(0.,0.,1.));
#3246 = ADVANCED_FACE('',(#3247),#3266,.T.);
#3247 = FACE_BOUND('',#3248,.T.);
#3248 = EDGE_LOOP('',(#3249,#3258,#3259,#3260));
#3249 = ORIENTED_EDGE('',*,*,#3250,.T.);
#3250 = EDGE_CURVE('',#3251,#2114,#3253,.T.);
#3251 = VERTEX_POINT('',#3252);
#3252 = CARTESIAN_POINT('',(0.522774424948,-21.39518444143,8.));
#3253 = CIRCLE('',#3254,1.);
#3254 = AXIS2_PLACEMENT_3D('',#3255,#3256,#3257);
#3255 = CARTESIAN_POINT('',(0.522774424948,-21.39518444143,7.));
#3256 = DIRECTION('',(-1.,0.,0.));
#3257 = DIRECTION('',(0.,0.,1.));
#3258 = ORIENTED_EDGE('',*,*,#2113,.F.);
#3259 = ORIENTED_EDGE('',*,*,#3232,.F.);
#3260 = ORIENTED_EDGE('',*,*,#3261,.T.);
#3261 = EDGE_CURVE('',#3208,#3251,#3262,.T.);
#3262 = LINE('',#3263,#3264);
#3263 = CARTESIAN_POINT('',(-6.94E-15,-21.39518444143,8.));
#3264 = VECTOR('',#3265,1.);
#3265 = DIRECTION('',(1.,0.,0.));
#3266 = CYLINDRICAL_SURFACE('',#3267,1.);
#3267 = AXIS2_PLACEMENT_3D('',#3268,#3269,#3270);
#3268 = CARTESIAN_POINT('',(-2.,-21.39518444143,7.));
#3269 = DIRECTION('',(1.,0.,0.));
#3270 = DIRECTION('',(0.,0.,-1.));
#3271 = ADVANCED_FACE('',(#3272),#3284,.T.);
#3272 = FACE_BOUND('',#3273,.T.);
#3273 = EDGE_LOOP('',(#3274,#3275,#3276,#3277));
#3274 = ORIENTED_EDGE('',*,*,#2167,.T.);
#3275 = ORIENTED_EDGE('',*,*,#2121,.F.);
#3276 = ORIENTED_EDGE('',*,*,#3250,.F.);
#3277 = ORIENTED_EDGE('',*,*,#3278,.T.);
#3278 = EDGE_CURVE('',#3251,#2168,#3279,.T.);
#3279 = CIRCLE('',#3280,3.5);
#3280 = AXIS2_PLACEMENT_3D('',#3281,#3282,#3283);
#3281 = CARTESIAN_POINT('',(0.522774424948,-21.39518444143,4.5));
#3282 = DIRECTION('',(0.,1.,0.));
#3283 = DIRECTION('',(0.,0.,1.));
#3284 = TOROIDAL_SURFACE('',#3285,2.5,1.);
#3285 = AXIS2_PLACEMENT_3D('',#3286,#3287,#3288);
#3286 = CARTESIAN_POINT('',(0.522774424948,-21.39518444143,4.5));
#3287 = DIRECTION('',(0.,1.,0.));
#3288 = DIRECTION('',(0.,0.,1.));
#3289 = ADVANCED_FACE('',(#3290),#3301,.F.);
#3290 = FACE_BOUND('',#3291,.F.);
#3291 = EDGE_LOOP('',(#3292,#3293,#3298,#3299,#3300));
#3292 = ORIENTED_EDGE('',*,*,#2855,.F.);
#3293 = ORIENTED_EDGE('',*,*,#3294,.F.);
#3294 = EDGE_CURVE('',#2142,#2856,#3295,.T.);
#3295 = B_SPLINE_CURVE_WITH_KNOTS('',1,(#3296,#3297),.UNSPECIFIED.,.F.,
  .F.,(2,2),(1.999999999999E-03,5.002),.PIECEWISE_BEZIER_KNOTS.);
#3296 = CARTESIAN_POINT('',(-4.6E-16,-20.39518444143,3.5));
#3297 = CARTESIAN_POINT('',(-4.6E-16,-25.39518444143,3.5));
#3298 = ORIENTED_EDGE('',*,*,#2139,.F.);
#3299 = ORIENTED_EDGE('',*,*,#2150,.F.);
#3300 = ORIENTED_EDGE('',*,*,#3294,.T.);
#3301 = CYLINDRICAL_SURFACE('',#3302,1.5);
#3302 = AXIS2_PLACEMENT_3D('',#3303,#3304,#3305);
#3303 = CARTESIAN_POINT('',(-9.E-17,-20.39318444143,5.));
#3304 = DIRECTION('',(0.,-1.,0.));
#3305 = DIRECTION('',(0.,0.,-1.));
#3306 = ADVANCED_FACE('',(#3307),#3318,.T.);
#3307 = FACE_BOUND('',#3308,.T.);
#3308 = EDGE_LOOP('',(#3309,#3310,#3311,#3317));
#3309 = ORIENTED_EDGE('',*,*,#2200,.T.);
#3310 = ORIENTED_EDGE('',*,*,#3278,.F.);
#3311 = ORIENTED_EDGE('',*,*,#3312,.T.);
#3312 = EDGE_CURVE('',#3251,#2868,#3313,.T.);
#3313 = LINE('',#3314,#3315);
#3314 = CARTESIAN_POINT('',(0.522774424948,-20.39518444143,8.));
#3315 = VECTOR('',#3316,1.);
#3316 = DIRECTION('',(-3.5E-16,-1.,0.));
#3317 = ORIENTED_EDGE('',*,*,#2867,.F.);
#3318 = CYLINDRICAL_SURFACE('',#3319,3.5);
#3319 = AXIS2_PLACEMENT_3D('',#3320,#3321,#3322);
#3320 = CARTESIAN_POINT('',(0.522774424948,-22.89518444143,4.5));
#3321 = DIRECTION('',(3.5E-16,1.,0.));
#3322 = DIRECTION('',(-1.,3.5E-16,0.));
#3323 = ADVANCED_FACE('',(#3324),#3343,.T.);
#3324 = FACE_BOUND('',#3325,.F.);
#3325 = EDGE_LOOP('',(#3326,#3327,#3335,#3342));
#3326 = ORIENTED_EDGE('',*,*,#2503,.T.);
#3327 = ORIENTED_EDGE('',*,*,#3328,.T.);
#3328 = EDGE_CURVE('',#2504,#3329,#3331,.T.);
#3329 = VERTEX_POINT('',#3330);
#3330 = CARTESIAN_POINT('',(-46.,-13.5,10.));
#3331 = LINE('',#3332,#3333);
#3332 = CARTESIAN_POINT('',(-46.,-8.5,10.));
#3333 = VECTOR('',#3334,1.);
#3334 = DIRECTION('',(0.,-1.,0.));
#3335 = ORIENTED_EDGE('',*,*,#3336,.F.);
#3336 = EDGE_CURVE('',#2472,#3329,#3337,.T.);
#3337 = ELLIPSE('',#3338,1.414213562373,1.);
#3338 = AXIS2_PLACEMENT_3D('',#3339,#3340,#3341);
#3339 = CARTESIAN_POINT('',(-46.,-13.5,9.));
#3340 = DIRECTION('',(-0.707106781187,0.707106781187,0.));
#3341 = DIRECTION('',(-0.707106781187,-0.707106781187,0.));
#3342 = ORIENTED_EDGE('',*,*,#2479,.F.);
#3343 = CYLINDRICAL_SURFACE('',#3344,1.);
#3344 = AXIS2_PLACEMENT_3D('',#3345,#3346,#3347);
#3345 = CARTESIAN_POINT('',(-46.,-8.5,9.));
#3346 = DIRECTION('',(0.,-1.,0.));
#3347 = DIRECTION('',(-1.,0.,0.));
#3348 = ADVANCED_FACE('',(#3349),#3376,.T.);
#3349 = FACE_BOUND('',#3350,.T.);
#3350 = EDGE_LOOP('',(#3351,#3352,#3361,#3368,#3369,#3370));
#3351 = ORIENTED_EDGE('',*,*,#2567,.T.);
#3352 = ORIENTED_EDGE('',*,*,#3353,.F.);
#3353 = EDGE_CURVE('',#3354,#2570,#3356,.T.);
#3354 = VERTEX_POINT('',#3355);
#3355 = CARTESIAN_POINT('',(-41.30005159666,-11.68182815341,10.));
#3356 = CIRCLE('',#3357,1.5);
#3357 = AXIS2_PLACEMENT_3D('',#3358,#3359,#3360);
#3358 = CARTESIAN_POINT('',(-39.8000757826,-11.67331010032,10.));
#3359 = DIRECTION('',(0.,0.,1.));
#3360 = DIRECTION('',(1.,0.,0.));
#3361 = ORIENTED_EDGE('',*,*,#3362,.T.);
#3362 = EDGE_CURVE('',#3354,#2513,#3363,.T.);
#3363 = CIRCLE('',#3364,3.2);
#3364 = AXIS2_PLACEMENT_3D('',#3365,#3366,#3367);
#3365 = CARTESIAN_POINT('',(-44.5,-11.7,10.));
#3366 = DIRECTION('',(0.,0.,1.));
#3367 = DIRECTION('',(1.,0.,0.));
#3368 = ORIENTED_EDGE('',*,*,#2512,.F.);
#3369 = ORIENTED_EDGE('',*,*,#3328,.T.);
#3370 = ORIENTED_EDGE('',*,*,#3371,.T.);
#3371 = EDGE_CURVE('',#3329,#2568,#3372,.T.);
#3372 = LINE('',#3373,#3374);
#3373 = CARTESIAN_POINT('',(-47.,-13.5,10.));
#3374 = VECTOR('',#3375,1.);
#3375 = DIRECTION('',(1.,0.,0.));
#3376 = PLANE('',#3377);
#3377 = AXIS2_PLACEMENT_3D('',#3378,#3379,#3380);
#3378 = CARTESIAN_POINT('',(-31.53012205049,-10.21771663681,10.));
#3379 = DIRECTION('',(0.,0.,1.));
#3380 = DIRECTION('',(1.,0.,0.));
#3381 = ADVANCED_FACE('',(#3382),#3401,.T.);
#3382 = FACE_BOUND('',#3383,.F.);
#3383 = EDGE_LOOP('',(#3384,#3392,#3393,#3394));
#3384 = ORIENTED_EDGE('',*,*,#3385,.T.);
#3385 = EDGE_CURVE('',#3386,#3354,#3388,.T.);
#3386 = VERTEX_POINT('',#3387);
#3387 = CARTESIAN_POINT('',(-41.30005159666,-11.68182815341,9.));
#3388 = LINE('',#3389,#3390);
#3389 = CARTESIAN_POINT('',(-41.30005159666,-11.68182815341,9.));
#3390 = VECTOR('',#3391,1.);
#3391 = DIRECTION('',(0.,0.,1.));
#3392 = ORIENTED_EDGE('',*,*,#3362,.T.);
#3393 = ORIENTED_EDGE('',*,*,#2520,.F.);
#3394 = ORIENTED_EDGE('',*,*,#3395,.F.);
#3395 = EDGE_CURVE('',#3386,#2521,#3396,.T.);
#3396 = CIRCLE('',#3397,3.2);
#3397 = AXIS2_PLACEMENT_3D('',#3398,#3399,#3400);
#3398 = CARTESIAN_POINT('',(-44.5,-11.7,9.));
#3399 = DIRECTION('',(0.,0.,1.));
#3400 = DIRECTION('',(1.,0.,0.));
#3401 = CYLINDRICAL_SURFACE('',#3402,3.2);
#3402 = AXIS2_PLACEMENT_3D('',#3403,#3404,#3405);
#3403 = CARTESIAN_POINT('',(-44.5,-11.7,9.));
#3404 = DIRECTION('',(-0.,-0.,-1.));
#3405 = DIRECTION('',(1.,0.,0.));
#3406 = ADVANCED_FACE('',(#3407),#3425,.T.);
#3407 = FACE_BOUND('',#3408,.T.);
#3408 = EDGE_LOOP('',(#3409,#3410,#3418,#3424));
#3409 = ORIENTED_EDGE('',*,*,#2544,.F.);
#3410 = ORIENTED_EDGE('',*,*,#3411,.T.);
#3411 = EDGE_CURVE('',#2537,#3412,#3414,.T.);
#3412 = VERTEX_POINT('',#3413);
#3413 = CARTESIAN_POINT('',(-45.5,-13.,7.));
#3414 = LINE('',#3415,#3416);
#3415 = CARTESIAN_POINT('',(-45.5,-10.75,7.));
#3416 = VECTOR('',#3417,1.);
#3417 = DIRECTION('',(0.,-1.,0.));
#3418 = ORIENTED_EDGE('',*,*,#3419,.F.);
#3419 = EDGE_CURVE('',#2595,#3412,#3420,.T.);
#3420 = LINE('',#3421,#3422);
#3421 = CARTESIAN_POINT('',(-43.,-13.,7.));
#3422 = VECTOR('',#3423,1.);
#3423 = DIRECTION('',(-1.,0.,0.));
#3424 = ORIENTED_EDGE('',*,*,#2594,.F.);
#3425 = PLANE('',#3426);
#3426 = AXIS2_PLACEMENT_3D('',#3427,#3428,#3429);
#3427 = CARTESIAN_POINT('',(-6.94E-15,0.,7.));
#3428 = DIRECTION('',(0.,0.,1.));
#3429 = DIRECTION('',(1.,0.,0.));
#3430 = ADVANCED_FACE('',(#3431),#3456,.F.);
#3431 = FACE_BOUND('',#3432,.F.);
#3432 = EDGE_LOOP('',(#3433,#3434,#3435,#3443,#3449));
#3433 = ORIENTED_EDGE('',*,*,#3395,.T.);
#3434 = ORIENTED_EDGE('',*,*,#2528,.T.);
#3435 = ORIENTED_EDGE('',*,*,#3436,.T.);
#3436 = EDGE_CURVE('',#2529,#3437,#3439,.T.);
#3437 = VERTEX_POINT('',#3438);
#3438 = CARTESIAN_POINT('',(-45.5,-13.,9.));
#3439 = LINE('',#3440,#3441);
#3440 = CARTESIAN_POINT('',(-45.5,-10.75,9.));
#3441 = VECTOR('',#3442,1.);
#3442 = DIRECTION('',(0.,-1.,0.));
#3443 = ORIENTED_EDGE('',*,*,#3444,.F.);
#3444 = EDGE_CURVE('',#2603,#3437,#3445,.T.);
#3445 = LINE('',#3446,#3447);
#3446 = CARTESIAN_POINT('',(-43.,-13.,9.));
#3447 = VECTOR('',#3448,1.);
#3448 = DIRECTION('',(-1.,0.,0.));
#3449 = ORIENTED_EDGE('',*,*,#3450,.F.);
#3450 = EDGE_CURVE('',#3386,#2603,#3451,.T.);
#3451 = CIRCLE('',#3452,1.5);
#3452 = AXIS2_PLACEMENT_3D('',#3453,#3454,#3455);
#3453 = CARTESIAN_POINT('',(-39.8000757826,-11.67331010032,9.));
#3454 = DIRECTION('',(0.,0.,1.));
#3455 = DIRECTION('',(1.,0.,0.));
#3456 = PLANE('',#3457);
#3457 = AXIS2_PLACEMENT_3D('',#3458,#3459,#3460);
#3458 = CARTESIAN_POINT('',(-31.53012205049,-10.21771663681,9.));
#3459 = DIRECTION('',(0.,0.,1.));
#3460 = DIRECTION('',(1.,0.,0.));
#3461 = ADVANCED_FACE('',(#3462),#3473,.T.);
#3462 = FACE_BOUND('',#3463,.T.);
#3463 = EDGE_LOOP('',(#3464,#3465,#3466,#3467));
#3464 = ORIENTED_EDGE('',*,*,#3411,.F.);
#3465 = ORIENTED_EDGE('',*,*,#2536,.F.);
#3466 = ORIENTED_EDGE('',*,*,#3436,.T.);
#3467 = ORIENTED_EDGE('',*,*,#3468,.T.);
#3468 = EDGE_CURVE('',#3437,#3412,#3469,.T.);
#3469 = LINE('',#3470,#3471);
#3470 = CARTESIAN_POINT('',(-45.5,-13.,9.));
#3471 = VECTOR('',#3472,1.);
#3472 = DIRECTION('',(0.,0.,-1.));
#3473 = PLANE('',#3474);
#3474 = AXIS2_PLACEMENT_3D('',#3475,#3476,#3477);
#3475 = CARTESIAN_POINT('',(-45.5,-10.75,9.));
#3476 = DIRECTION('',(1.,0.,0.));
#3477 = DIRECTION('',(0.,0.,-1.));
#3478 = ADVANCED_FACE('',(#3479),#3485,.T.);
#3479 = FACE_BOUND('',#3480,.F.);
#3480 = EDGE_LOOP('',(#3481,#3482,#3483,#3484));
#3481 = ORIENTED_EDGE('',*,*,#3336,.T.);
#3482 = ORIENTED_EDGE('',*,*,#3371,.T.);
#3483 = ORIENTED_EDGE('',*,*,#2577,.F.);
#3484 = ORIENTED_EDGE('',*,*,#2627,.F.);
#3485 = CYLINDRICAL_SURFACE('',#3486,1.);
#3486 = AXIS2_PLACEMENT_3D('',#3487,#3488,#3489);
#3487 = CARTESIAN_POINT('',(-47.,-13.5,9.));
#3488 = DIRECTION('',(1.,0.,0.));
#3489 = DIRECTION('',(0.,-1.,0.));
#3490 = ADVANCED_FACE('',(#3491),#3497,.F.);
#3491 = FACE_BOUND('',#3492,.T.);
#3492 = EDGE_LOOP('',(#3493,#3494,#3495,#3496));
#3493 = ORIENTED_EDGE('',*,*,#3385,.T.);
#3494 = ORIENTED_EDGE('',*,*,#3353,.T.);
#3495 = ORIENTED_EDGE('',*,*,#2610,.F.);
#3496 = ORIENTED_EDGE('',*,*,#3450,.F.);
#3497 = CYLINDRICAL_SURFACE('',#3498,1.5);
#3498 = AXIS2_PLACEMENT_3D('',#3499,#3500,#3501);
#3499 = CARTESIAN_POINT('',(-39.8000757826,-11.67331010032,9.));
#3500 = DIRECTION('',(-0.,-0.,-1.));
#3501 = DIRECTION('',(1.,0.,0.));
#3502 = ADVANCED_FACE('',(#3503),#3509,.F.);
#3503 = FACE_BOUND('',#3504,.T.);
#3504 = EDGE_LOOP('',(#3505,#3506,#3507,#3508));
#3505 = ORIENTED_EDGE('',*,*,#3419,.T.);
#3506 = ORIENTED_EDGE('',*,*,#3468,.F.);
#3507 = ORIENTED_EDGE('',*,*,#3444,.F.);
#3508 = ORIENTED_EDGE('',*,*,#2602,.T.);
#3509 = PLANE('',#3510);
#3510 = AXIS2_PLACEMENT_3D('',#3511,#3512,#3513);
#3511 = CARTESIAN_POINT('',(-43.,-13.,9.));
#3512 = DIRECTION('',(0.,-1.,0.));
#3513 = DIRECTION('',(0.,0.,-1.));
#3514 = ADVANCED_FACE('',(#3515),#3534,.T.);
#3515 = FACE_BOUND('',#3516,.T.);
#3516 = EDGE_LOOP('',(#3517,#3518,#3526,#3533));
#3517 = ORIENTED_EDGE('',*,*,#2698,.T.);
#3518 = ORIENTED_EDGE('',*,*,#3519,.T.);
#3519 = EDGE_CURVE('',#2691,#3520,#3522,.T.);
#3520 = VERTEX_POINT('',#3521);
#3521 = CARTESIAN_POINT('',(-46.,13.5,10.));
#3522 = LINE('',#3523,#3524);
#3523 = CARTESIAN_POINT('',(-46.,8.5,10.));
#3524 = VECTOR('',#3525,1.);
#3525 = DIRECTION('',(0.,1.,0.));
#3526 = ORIENTED_EDGE('',*,*,#3527,.F.);
#3527 = EDGE_CURVE('',#2715,#3520,#3528,.T.);
#3528 = ELLIPSE('',#3529,1.414213562373,1.);
#3529 = AXIS2_PLACEMENT_3D('',#3530,#3531,#3532);
#3530 = CARTESIAN_POINT('',(-46.,13.5,9.));
#3531 = DIRECTION('',(0.707106781187,0.707106781187,-0.));
#3532 = DIRECTION('',(-0.707106781187,0.707106781187,0.));
#3533 = ORIENTED_EDGE('',*,*,#2714,.F.);
#3534 = CYLINDRICAL_SURFACE('',#3535,1.);
#3535 = AXIS2_PLACEMENT_3D('',#3536,#3537,#3538);
#3536 = CARTESIAN_POINT('',(-46.,8.5,9.));
#3537 = DIRECTION('',(0.,1.,0.));
#3538 = DIRECTION('',(-1.,0.,0.));
#3539 = ADVANCED_FACE('',(#3540),#3567,.T.);
#3540 = FACE_BOUND('',#3541,.F.);
#3541 = EDGE_LOOP('',(#3542,#3543,#3552,#3559,#3560,#3561));
#3542 = ORIENTED_EDGE('',*,*,#2771,.T.);
#3543 = ORIENTED_EDGE('',*,*,#3544,.F.);
#3544 = EDGE_CURVE('',#3545,#2772,#3547,.T.);
#3545 = VERTEX_POINT('',#3546);
#3546 = CARTESIAN_POINT('',(-41.30005159666,11.681828153412,10.));
#3547 = CIRCLE('',#3548,1.5);
#3548 = AXIS2_PLACEMENT_3D('',#3549,#3550,#3551);
#3549 = CARTESIAN_POINT('',(-39.8000757826,11.673310100323,10.));
#3550 = DIRECTION('',(0.,0.,-1.));
#3551 = DIRECTION('',(1.,0.,0.));
#3552 = ORIENTED_EDGE('',*,*,#3553,.T.);
#3553 = EDGE_CURVE('',#3545,#2683,#3554,.T.);
#3554 = CIRCLE('',#3555,3.2);
#3555 = AXIS2_PLACEMENT_3D('',#3556,#3557,#3558);
#3556 = CARTESIAN_POINT('',(-44.5,11.7,10.));
#3557 = DIRECTION('',(0.,0.,-1.));
#3558 = DIRECTION('',(1.,0.,0.));
#3559 = ORIENTED_EDGE('',*,*,#2690,.F.);
#3560 = ORIENTED_EDGE('',*,*,#3519,.T.);
#3561 = ORIENTED_EDGE('',*,*,#3562,.T.);
#3562 = EDGE_CURVE('',#3520,#2763,#3563,.T.);
#3563 = LINE('',#3564,#3565);
#3564 = CARTESIAN_POINT('',(-47.,13.5,10.));
#3565 = VECTOR('',#3566,1.);
#3566 = DIRECTION('',(1.,0.,0.));
#3567 = PLANE('',#3568);
#3568 = AXIS2_PLACEMENT_3D('',#3569,#3570,#3571);
#3569 = CARTESIAN_POINT('',(-31.53012205049,10.217716636812,10.));
#3570 = DIRECTION('',(0.,0.,1.));
#3571 = DIRECTION('',(-1.,0.,0.));
#3572 = ADVANCED_FACE('',(#3573),#3592,.T.);
#3573 = FACE_BOUND('',#3574,.T.);
#3574 = EDGE_LOOP('',(#3575,#3583,#3584,#3585));
#3575 = ORIENTED_EDGE('',*,*,#3576,.T.);
#3576 = EDGE_CURVE('',#3577,#3545,#3579,.T.);
#3577 = VERTEX_POINT('',#3578);
#3578 = CARTESIAN_POINT('',(-41.30005159666,11.681828153412,9.));
#3579 = LINE('',#3580,#3581);
#3580 = CARTESIAN_POINT('',(-41.30005159666,11.681828153412,9.));
#3581 = VECTOR('',#3582,1.);
#3582 = DIRECTION('',(0.,0.,1.));
#3583 = ORIENTED_EDGE('',*,*,#3553,.T.);
#3584 = ORIENTED_EDGE('',*,*,#2682,.F.);
#3585 = ORIENTED_EDGE('',*,*,#3586,.F.);
#3586 = EDGE_CURVE('',#3577,#2675,#3587,.T.);
#3587 = CIRCLE('',#3588,3.2);
#3588 = AXIS2_PLACEMENT_3D('',#3589,#3590,#3591);
#3589 = CARTESIAN_POINT('',(-44.5,11.7,9.));
#3590 = DIRECTION('',(0.,0.,-1.));
#3591 = DIRECTION('',(1.,0.,0.));
#3592 = CYLINDRICAL_SURFACE('',#3593,3.2);
#3593 = AXIS2_PLACEMENT_3D('',#3594,#3595,#3596);
#3594 = CARTESIAN_POINT('',(-44.5,11.7,9.));
#3595 = DIRECTION('',(0.,0.,-1.));
#3596 = DIRECTION('',(1.,0.,0.));
#3597 = ADVANCED_FACE('',(#3598),#3616,.T.);
#3598 = FACE_BOUND('',#3599,.T.);
#3599 = EDGE_LOOP('',(#3600,#3601,#3609,#3615));
#3600 = ORIENTED_EDGE('',*,*,#2795,.T.);
#3601 = ORIENTED_EDGE('',*,*,#3602,.T.);
#3602 = EDGE_CURVE('',#2788,#3603,#3605,.T.);
#3603 = VERTEX_POINT('',#3604);
#3604 = CARTESIAN_POINT('',(-45.5,13.,7.));
#3605 = LINE('',#3606,#3607);
#3606 = CARTESIAN_POINT('',(-43.,13.,7.));
#3607 = VECTOR('',#3608,1.);
#3608 = DIRECTION('',(-1.,0.,0.));
#3609 = ORIENTED_EDGE('',*,*,#3610,.F.);
#3610 = EDGE_CURVE('',#2659,#3603,#3611,.T.);
#3611 = LINE('',#3612,#3613);
#3612 = CARTESIAN_POINT('',(-45.5,10.75,7.));
#3613 = VECTOR('',#3614,1.);
#3614 = DIRECTION('',(0.,1.,0.));
#3615 = ORIENTED_EDGE('',*,*,#2658,.T.);
#3616 = PLANE('',#3617);
#3617 = AXIS2_PLACEMENT_3D('',#3618,#3619,#3620);
#3618 = CARTESIAN_POINT('',(-6.94E-15,0.,7.));
#3619 = DIRECTION('',(0.,0.,1.));
#3620 = DIRECTION('',(1.,0.,0.));
#3621 = ADVANCED_FACE('',(#3622),#3647,.F.);
#3622 = FACE_BOUND('',#3623,.T.);
#3623 = EDGE_LOOP('',(#3624,#3625,#3626,#3634,#3640));
#3624 = ORIENTED_EDGE('',*,*,#3586,.T.);
#3625 = ORIENTED_EDGE('',*,*,#2674,.T.);
#3626 = ORIENTED_EDGE('',*,*,#3627,.T.);
#3627 = EDGE_CURVE('',#2667,#3628,#3630,.T.);
#3628 = VERTEX_POINT('',#3629);
#3629 = CARTESIAN_POINT('',(-45.5,13.,9.));
#3630 = LINE('',#3631,#3632);
#3631 = CARTESIAN_POINT('',(-45.5,10.75,9.));
#3632 = VECTOR('',#3633,1.);
#3633 = DIRECTION('',(0.,1.,0.));
#3634 = ORIENTED_EDGE('',*,*,#3635,.F.);
#3635 = EDGE_CURVE('',#2780,#3628,#3636,.T.);
#3636 = LINE('',#3637,#3638);
#3637 = CARTESIAN_POINT('',(-43.,13.,9.));
#3638 = VECTOR('',#3639,1.);
#3639 = DIRECTION('',(-1.,0.,0.));
#3640 = ORIENTED_EDGE('',*,*,#3641,.F.);
#3641 = EDGE_CURVE('',#3577,#2780,#3642,.T.);
#3642 = CIRCLE('',#3643,1.5);
#3643 = AXIS2_PLACEMENT_3D('',#3644,#3645,#3646);
#3644 = CARTESIAN_POINT('',(-39.8000757826,11.673310100323,9.));
#3645 = DIRECTION('',(0.,0.,-1.));
#3646 = DIRECTION('',(1.,0.,0.));
#3647 = PLANE('',#3648);
#3648 = AXIS2_PLACEMENT_3D('',#3649,#3650,#3651);
#3649 = CARTESIAN_POINT('',(-31.53012205049,10.217716636812,9.));
#3650 = DIRECTION('',(0.,0.,1.));
#3651 = DIRECTION('',(-1.,0.,0.));
#3652 = ADVANCED_FACE('',(#3653),#3664,.F.);
#3653 = FACE_BOUND('',#3654,.T.);
#3654 = EDGE_LOOP('',(#3655,#3656,#3662,#3663));
#3655 = ORIENTED_EDGE('',*,*,#3610,.T.);
#3656 = ORIENTED_EDGE('',*,*,#3657,.F.);
#3657 = EDGE_CURVE('',#3628,#3603,#3658,.T.);
#3658 = LINE('',#3659,#3660);
#3659 = CARTESIAN_POINT('',(-45.5,13.,9.));
#3660 = VECTOR('',#3661,1.);
#3661 = DIRECTION('',(0.,0.,-1.));
#3662 = ORIENTED_EDGE('',*,*,#3627,.F.);
#3663 = ORIENTED_EDGE('',*,*,#2666,.T.);
#3664 = PLANE('',#3665);
#3665 = AXIS2_PLACEMENT_3D('',#3666,#3667,#3668);
#3666 = CARTESIAN_POINT('',(-45.5,10.75,9.));
#3667 = DIRECTION('',(-1.,0.,0.));
#3668 = DIRECTION('',(0.,0.,1.));
#3669 = ADVANCED_FACE('',(#3670),#3676,.T.);
#3670 = FACE_BOUND('',#3671,.T.);
#3671 = EDGE_LOOP('',(#3672,#3673,#3674,#3675));
#3672 = ORIENTED_EDGE('',*,*,#3527,.T.);
#3673 = ORIENTED_EDGE('',*,*,#3562,.T.);
#3674 = ORIENTED_EDGE('',*,*,#2762,.F.);
#3675 = ORIENTED_EDGE('',*,*,#2747,.F.);
#3676 = CYLINDRICAL_SURFACE('',#3677,1.);
#3677 = AXIS2_PLACEMENT_3D('',#3678,#3679,#3680);
#3678 = CARTESIAN_POINT('',(-47.,13.5,9.));
#3679 = DIRECTION('',(1.,0.,0.));
#3680 = DIRECTION('',(0.,1.,0.));
#3681 = ADVANCED_FACE('',(#3682),#3688,.F.);
#3682 = FACE_BOUND('',#3683,.F.);
#3683 = EDGE_LOOP('',(#3684,#3685,#3686,#3687));
#3684 = ORIENTED_EDGE('',*,*,#3576,.T.);
#3685 = ORIENTED_EDGE('',*,*,#3544,.T.);
#3686 = ORIENTED_EDGE('',*,*,#2779,.F.);
#3687 = ORIENTED_EDGE('',*,*,#3641,.F.);
#3688 = CYLINDRICAL_SURFACE('',#3689,1.5);
#3689 = AXIS2_PLACEMENT_3D('',#3690,#3691,#3692);
#3690 = CARTESIAN_POINT('',(-39.8000757826,11.673310100323,9.));
#3691 = DIRECTION('',(0.,0.,-1.));
#3692 = DIRECTION('',(1.,0.,0.));
#3693 = ADVANCED_FACE('',(#3694),#3700,.T.);
#3694 = FACE_BOUND('',#3695,.T.);
#3695 = EDGE_LOOP('',(#3696,#3697,#3698,#3699));
#3696 = ORIENTED_EDGE('',*,*,#3602,.F.);
#3697 = ORIENTED_EDGE('',*,*,#2787,.F.);
#3698 = ORIENTED_EDGE('',*,*,#3635,.T.);
#3699 = ORIENTED_EDGE('',*,*,#3657,.T.);
#3700 = PLANE('',#3701);
#3701 = AXIS2_PLACEMENT_3D('',#3702,#3703,#3704);
#3702 = CARTESIAN_POINT('',(-43.,13.,9.));
#3703 = DIRECTION('',(0.,-1.,0.));
#3704 = DIRECTION('',(0.,0.,-1.));
#3705 = ADVANCED_FACE('',(#3706),#3712,.T.);
#3706 = FACE_BOUND('',#3707,.T.);
#3707 = EDGE_LOOP('',(#3708,#3709,#3710,#3711));
#3708 = ORIENTED_EDGE('',*,*,#3312,.F.);
#3709 = ORIENTED_EDGE('',*,*,#3261,.F.);
#3710 = ORIENTED_EDGE('',*,*,#3207,.F.);
#3711 = ORIENTED_EDGE('',*,*,#2876,.F.);
#3712 = PLANE('',#3713);
#3713 = AXIS2_PLACEMENT_3D('',#3714,#3715,#3716);
#3714 = CARTESIAN_POINT('',(-6.94E-15,-6.083078216761,8.));
#3715 = DIRECTION('',(0.,0.,1.));
#3716 = DIRECTION('',(1.,0.,0.));
#3717 = ( GEOMETRIC_REPRESENTATION_CONTEXT(3) 
GLOBAL_UNCERTAINTY_ASSIGNED_CONTEXT((#3721)) 
GLOBAL_UNIT_ASSIGNED_CONTEXT((#3718,#3719,#3720)) REPRESENTATION_CONTEXT
('Context #1','3D Context with UNIT and UNCERTAINTY') );
#3718 = ( LENGTH_UNIT() NAMED_UNIT(*) SI_UNIT(.MILLI.,.METRE.) );
#3719 = ( NAMED_UNIT(*) PLANE_ANGLE_UNIT() SI_UNIT($,.RADIAN.) );
#3720 = ( NAMED_UNIT(*) SI_UNIT($,.STERADIAN.) SOLID_ANGLE_UNIT() );
#3721 = UNCERTAINTY_MEASURE_WITH_UNIT(LENGTH_MEASURE(2.E-04),#3718,
  'distance_accuracy_value','confusion accuracy');
#3722 = PRODUCT_RELATED_PRODUCT_CATEGORY('part',$,(#7));
#3723 = MECHANICAL_DESIGN_GEOMETRIC_PRESENTATION_REPRESENTATION('',(
    #3724),#3717);
#3724 = STYLED_ITEM('color',(#3725),#15);
#3725 = PRESENTATION_STYLE_ASSIGNMENT((#3726,#3732));
#3726 = SURFACE_STYLE_USAGE(.BOTH.,#3727);
#3727 = SURFACE_SIDE_STYLE('',(#3728));
#3728 = SURFACE_STYLE_FILL_AREA(#3729);
#3729 = FILL_AREA_STYLE('',(#3730));
#3730 = FILL_AREA_STYLE_COLOUR('',#3731);
#3731 = COLOUR_RGB('',0.447058818107,0.474509808674,0.501960817233);
#3732 = CURVE_STYLE('',#3733,POSITIVE_LENGTH_MEASURE(0.1),#3734);
#3733 = DRAUGHTING_PRE_DEFINED_CURVE_FONT('continuous');
#3734 = COLOUR_RGB('',9.803921802644E-02,9.803921802644E-02,
  9.803921802644E-02);
ENDSEC;
END-ISO-10303-21;
